"model_id","location","wis_scaled_relative_skill","wis","ae_median_scaled_relative_skill","ae_median","interval_coverage_50","interval_coverage_95","n"
"CADPH-FluCAT_Ensemble","06",0.354972513231101,157.541122776472,0.415617604966908,263.50156154902,1,1,20
"CEPH-Rtrend_fluH","01",3.05794914601259,82.8252173913043,3.0952380952381,130,0,1,20
"CEPH-Rtrend_fluH","02",3.93264462809917,4.13782608695652,NA,8,0,1,20
"CEPH-Rtrend_fluH","04",1.01467767492286,31.74,0.956521739130435,44,1,1,20
"CEPH-Rtrend_fluH","05",1.40408993930857,117.887391304348,1.31896551724138,153,0,0,20
"CEPH-Rtrend_fluH","06",0.263774922411361,117.06652173913,0.326498422712934,207,1,1,20
"CEPH-Rtrend_fluH","08",0.582605455975494,24.4765217391304,0.714285714285714,45,0,1,20
"CEPH-Rtrend_fluH","09",0.460214977220957,28.1091304347826,NA,51,0,1,20
"CEPH-Rtrend_fluH","10",2.43810810810811,19.6108695652174,NA,33,0,1,20
"CEPH-Rtrend_fluH","11",1.18700807097118,61.8978260869565,1.15873015873016,73,0,0,20
"CEPH-Rtrend_fluH","12",5.08371315709511,290.965217391304,4.61290322580645,429,0,0,20
"CEPH-Rtrend_fluH","13",2.72712103840799,115.829130434783,2.8,182,0,1,20
"CEPH-Rtrend_fluH","15",0.77407874015748,10.685652173913,0.842105263157895,16,0,0,20
"CEPH-Rtrend_fluH","16",0.554401189675895,23.6652173913043,0.666666666666667,40,0,1,20
"CEPH-Rtrend_fluH","17",0.468633956981861,125.762608695652,0.65266106442577,233,0,1,20
"CEPH-Rtrend_fluH","18",0.430650577973089,101.917391304348,0.612582781456954,185,0,1,20
"CEPH-Rtrend_fluH","19",0.752638275578175,17.4886956521739,0.676470588235294,23,1,1,20
"CEPH-Rtrend_fluH","20",0.152945899677307,8.77869565217391,0.0384615384615385,3,1,1,20
"CEPH-Rtrend_fluH","21",0.464276744524197,30.5417391304348,0.536842105263158,51,1,1,20
"CEPH-Rtrend_fluH","22",4.32527920962199,52.5352173913043,4.68421052631579,89,0,1,20
"CEPH-Rtrend_fluH","23",0.598675483378221,25.9013043478261,NA,46,0,1,20
"CEPH-Rtrend_fluH","24",0.388707517339643,78.9965217391304,0.528455284552846,130,0,1,20
"CEPH-Rtrend_fluH","25",0.207264994245463,41.6552173913043,0.128301886792453,34,1,1,20
"CEPH-Rtrend_fluH","26",0.244845385438154,44.5882608695652,0.169291338582677,43,1,1,20
"CEPH-Rtrend_fluH","27",0.288410976912333,24.4191304347826,0.391304347826087,45,0,1,20
"CEPH-Rtrend_fluH","28",0.996406312826698,17.2386956521739,1.17857142857143,33,0,1,20
"CEPH-Rtrend_fluH","29",1.02571503199687,34.1473913043478,0.26,13,1,1,20
"CEPH-Rtrend_fluH","30",0.262808478683824,6.69521739130435,NA,5,1,1,20
"CEPH-Rtrend_fluH","31",0.275472639005001,16.3321739130435,0.418918918918919,31,0,1,20
"CEPH-Rtrend_fluH","32",0.678135290889133,8.59521739130435,NA,16,0,1,20
"CEPH-Rtrend_fluH","33",7.55194544725231,16.3713043478261,10.6666666666667,32,0,1,20
"CEPH-Rtrend_fluH","34",0.355482951753955,69.2091304347826,0.449438202247191,120,1,1,20
"CEPH-Rtrend_fluH","35",0.466787389908634,19.7252173913043,NA,35,0,1,20
"CEPH-Rtrend_fluH","36",0.55275930096545,110.126956521739,0.683501683501683,203,0,1,20
"CEPH-Rtrend_fluH","37",0.122979043224442,24.4730434782609,0.0575539568345324,16,1,1,20
"CEPH-Rtrend_fluH","38",0.267344104101177,3.18,0.222222222222222,4,1,1,20
"CEPH-Rtrend_fluH","39",0.255841560824939,177.472173913043,0.401972872996301,326,0,1,20
"CEPH-Rtrend_fluH","40",0.148123950743886,15.5747826086956,0.0604026845637584,9,1,1,20
"CEPH-Rtrend_fluH","41",0.699192016912107,169.684782608696,0.722222222222222,208,0,0,20
"CEPH-Rtrend_fluH","42",0.345643753319494,154.490434782609,0.474315068493151,277,1,1,20
"CEPH-Rtrend_fluH","44",0.561020743854519,10.6769565217391,0.769230769230769,20,0,1,20
"CEPH-Rtrend_fluH","45",2.26382106976483,70.1469565217391,2.63829787234043,124,0,1,20
"CEPH-Rtrend_fluH","46",0.910855270158115,37.2191304347826,1.03921568627451,53,0,0,20
"CEPH-Rtrend_fluH","47",1.54857407121936,43.6765217391304,1.90909090909091,84,0,1,20
"CEPH-Rtrend_fluH","48",0.447343838071654,122.842173913043,0.571428571428571,236,0,1,20
"CEPH-Rtrend_fluH","49",0.729744622634339,33.395652173913,0.913793103448276,53,0,0,20
"CEPH-Rtrend_fluH","50",0.788860145513339,21.2134782608696,0.848484848484849,28,0,0,20
"CEPH-Rtrend_fluH","51",2.78023019634394,35.7078260869565,3.5,63,1,1,20
"CEPH-Rtrend_fluH","53",0.369740384523911,67.5930434782609,0.480349344978166,110,0,1,20
"CEPH-Rtrend_fluH","54",0.183628798671585,16.924347826087,0.00847457627118644,1,1,1,20
"CEPH-Rtrend_fluH","55",0.243875741402279,24.9921739130435,0.0283687943262411,4,1,1,20
"CEPH-Rtrend_fluH","56",0.352318708556659,14.4613043478261,NA,24,0,1,20
"CEPH-Rtrend_fluH","72",0.615971361051966,11.4460869565217,0.379310344827586,11,1,1,20
"CFA_Pyrenew-Pyrenew_H_Flu","01",2.96636870746115,80.3447413043478,3.02380952380952,127,0,1,10
"CFA_Pyrenew-Pyrenew_H_Flu","02",5.49545454545455,5.78217391304348,NA,4,1,1,10
"CFA_Pyrenew-Pyrenew_H_Flu","04",1.39589727017485,43.6648804347826,0.271739130434783,12.5,1,1,10
"CFA_Pyrenew-Pyrenew_H_Flu","05",0.898082886260538,75.4030391304348,1.27586206896552,148,0,1,10
"CFA_Pyrenew-Pyrenew_H_Flu","06",0.241050738267657,106.981252173913,0.271293375394322,172,1,1,10
"CFA_Pyrenew-Pyrenew_H_Flu","08",0.733221064287784,30.8042108695652,0.222222222222222,14,1,1,10
"CFA_Pyrenew-Pyrenew_H_Flu","09",0.550917354783599,33.6490739130435,NA,46,1,1,10
"CFA_Pyrenew-Pyrenew_H_Flu","10",2.28995702702703,18.4192195652174,NA,26,1,1,10
"CFA_Pyrenew-Pyrenew_H_Flu","11",0.397019410352188,20.7030086956522,0.547619047619048,34.5,1,1,10
"CFA_Pyrenew-Pyrenew_H_Flu","12",7.58110486934063,433.902889130435,6.54838709677419,609,0,0,10
"CFA_Pyrenew-Pyrenew_H_Flu","13",3.37487946318893,143.341402173913,3.36923076923077,219,0,1,8
"CFA_Pyrenew-Pyrenew_H_Flu","15",0.657906141732283,9.0819652173913,0.894736842105263,17,0,1,10
"CFA_Pyrenew-Pyrenew_H_Flu","16",0.829461742956671,35.4064760869565,1,60,0,1,10
"CFA_Pyrenew-Pyrenew_H_Flu","17",0.350895868301503,94.1664152173913,0.450980392156863,161,1,1,10
"CFA_Pyrenew-Pyrenew_H_Flu","18",0.614133361870678,145.340267391304,0.846026490066225,255.5,0,1,10
"CFA_Pyrenew-Pyrenew_H_Flu","19",0.903524717461268,20.9947717391304,0.0882352941176471,3,1,1,10
"CFA_Pyrenew-Pyrenew_H_Flu","20",0.654550161346524,37.5694717391304,0.762820512820513,59.5,1,1,10
"CFA_Pyrenew-Pyrenew_H_Flu","22",2.44414823167239,29.6868369565217,3,57,0,1,10
"CFA_Pyrenew-Pyrenew_H_Flu","23",0.771573592072999,33.3816282608696,NA,60,0,1,10
"CFA_Pyrenew-Pyrenew_H_Flu","24",0.696542222726164,141.557367391304,0.98780487804878,243,0,1,10
"CFA_Pyrenew-Pyrenew_H_Flu","25",0.563177466878965,113.184958695652,0.762264150943396,202,0,1,10
"CFA_Pyrenew-Pyrenew_H_Flu","26",0.899016086981435,163.717865217391,1.15157480314961,292.5,0,1,10
"CFA_Pyrenew-Pyrenew_H_Flu","27",0.29502611227508,24.9792195652174,0.382608695652174,44,1,1,10
"CFA_Pyrenew-Pyrenew_H_Flu","28",0.832303478086048,14.3995739130435,0.857142857142857,24,1,1,10
"CFA_Pyrenew-Pyrenew_H_Flu","30",0.935199508482097,23.8248173913044,NA,43,0,1,10
"CFA_Pyrenew-Pyrenew_H_Flu","31",0.548634003608043,32.5273173913043,0.783783783783784,58,0,1,10
"CFA_Pyrenew-Pyrenew_H_Flu","32",0.55530632546652,7.03838695652174,NA,11,1,1,10
"CFA_Pyrenew-Pyrenew_H_Flu","33",5.40674288006418,11.7208782608696,2.66666666666667,8,1,1,10
"CFA_Pyrenew-Pyrenew_H_Flu","34",0.516144179835101,100.488334782609,0.621722846441948,166,1,1,10
"CFA_Pyrenew-Pyrenew_H_Flu","35",0.873745164211046,36.9221913043478,NA,64,0,1,10
"CFA_Pyrenew-Pyrenew_H_Flu","36",0.401956563487491,80.0823304347826,0.0875420875420876,26,1,1,10
"CFA_Pyrenew-Pyrenew_H_Flu","37",0.379341779840246,75.4896739130435,0.262589928057554,73,1,1,10
"CFA_Pyrenew-Pyrenew_H_Flu","39",0.613503833367597,425.575339130435,0.950678175092479,771,0,1,10
"CFA_Pyrenew-Pyrenew_H_Flu","40",0.550248037942755,57.8569065217391,0.62751677852349,93.5,1,1,10
"CFA_Pyrenew-Pyrenew_H_Flu","41",0.760263732129421,184.506091304348,0.902777777777778,260,0,0,10
"CFA_Pyrenew-Pyrenew_H_Flu","42",0.849575809956635,379.730097826087,1.18578767123288,692.5,0,1,10
"CFA_Pyrenew-Pyrenew_H_Flu","44",0.879894567303299,16.7455413043478,1.07692307692308,28,0,1,10
"CFA_Pyrenew-Pyrenew_H_Flu","45",1.3925144524892,43.1485739130435,1.70212765957447,80,1,1,10
"CFA_Pyrenew-Pyrenew_H_Flu","46",0.446544444680896,18.2465826086957,0.607843137254902,31,0,1,10
"CFA_Pyrenew-Pyrenew_H_Flu","47",2.97336619392631,83.8618543478261,3.64772727272727,160.5,0,1,10
"CFA_Pyrenew-Pyrenew_H_Flu","48",0.331196040773416,90.9475847826087,0.0217917675544794,9,1,1,8
"CFA_Pyrenew-Pyrenew_H_Flu","49",0.513730191152998,23.5100804347826,0.741379310344828,43,0,1,10
"CFA_Pyrenew-Pyrenew_H_Flu","50",0.623702506063056,16.7721739130435,0.878787878787879,29,0,1,10
"CFA_Pyrenew-Pyrenew_H_Flu","51",4.58932007447529,58.9428326086957,2.77777777777778,50,1,1,10
"CFA_Pyrenew-Pyrenew_H_Flu","53",0.675157693332192,123.427045652174,0.882096069868996,202,0,1,10
"CFA_Pyrenew-Pyrenew_H_Flu","54",0.714134384051476,65.8189717391304,0.983050847457627,116,0,1,10
"CFA_Pyrenew-Pyrenew_H_Flu","55",0.460204389440904,47.1613456521739,0.49290780141844,69.5,1,1,8
"CMU-TimeSeries","01",2.37750186315781,64.3951548118603,2.85317343760663,119.833284379479,0,1,20
"CMU-TimeSeries","02",3.73469136238122,3.92954482476633,NA,0.511699558885162,1,1,20
"CMU-TimeSeries","04",1.66523497160916,52.0899979423446,0.950595424550245,43.7273895293113,1,1,20
"CMU-TimeSeries","05",1.18671240709821,99.6363736999654,1.46437615925675,169.867634473783,0,1,20
"CMU-TimeSeries","06",0.443156990550517,196.678467360987,0.318792583788313,202.11449812179,1,1,20
"CMU-TimeSeries","08",0.834857565427377,35.074181231355,0.180309390406294,11.3594915955965,1,1,20
"CMU-TimeSeries","09",0.486281341708884,29.7012186448974,NA,36.6832227002848,1,1,20
"CMU-TimeSeries","10",0.903523219517996,7.26746937438388,NA,0.344343211918812,1,1,20
"CMU-TimeSeries","11",0.580209813147242,30.2556713694033,0.802635306192721,50.5660242901414,0,1,20
"CMU-TimeSeries","12",4.13721979144146,236.792875367545,4.68940543567155,436.114705517454,0,1,20
"CMU-TimeSeries","13",2.14472205250668,91.0928729849009,3.09706999147091,201.309549445609,0,1,20
"CMU-TimeSeries","15",0.612729878187249,8.45833636193268,0.748954238754459,14.2301305363347,1,1,20
"CMU-TimeSeries","16",0.535172717683047,22.8444291637766,0.815108172482982,48.9064903489789,1,1,20
"CMU-TimeSeries","17",0.415604113157927,111.531519807061,0.400326558191252,142.916581274277,1,1,20
"CMU-TimeSeries","18",0.416205095917545,98.4987360823714,0.493890109251257,149.15481299388,1,1,20
"CMU-TimeSeries","19",1.10215890710664,25.6103394049597,0.261022048863845,8.87474966137074,1,1,20
"CMU-TimeSeries","20",0.495671586602039,28.4502560146442,0.569036964120327,44.3848832013855,1,1,20
"CMU-TimeSeries","21",0.72185415254384,47.4860769513861,0.278063607892243,26.4160427497631,1,1,20
"CMU-TimeSeries","22",3.6531152829235,44.3710558885874,3.69827327270459,70.2671921813871,0,1,20
"CMU-TimeSeries","23",0.497357575104355,21.517851123254,NA,37.581894309969,1,1,20
"CMU-TimeSeries","24",0.365949847155593,74.3715101115436,0.61955380101767,152.410235050347,1,1,20
"CMU-TimeSeries","25",0.4284717404987,86.1123874848178,0.364420088224235,96.5713233794222,1,1,20
"CMU-TimeSeries","26",0.648542670012301,118.104695760571,0.773723464350774,196.525759945097,1,1,20
"CMU-TimeSeries","27",0.398918426727352,33.7755559770338,0.197579956830628,22.7216950355222,1,1,20
"CMU-TimeSeries","28",0.942399292704764,16.3043272414383,0.655672015435031,18.3588164321809,1,1,20
"CMU-TimeSeries","29",1.934418057881,64.3993003008472,0.562189142817708,28.1094571408854,1,1,20
"CMU-TimeSeries","30",0.543413932113189,13.843824320974,NA,18.5633474220028,1,1,20
"CMU-TimeSeries","31",0.417026230964052,24.7245786550957,0.646522970268816,47.8426997998924,1,1,20
"CMU-TimeSeries","32",1.05142795249814,13.3266207266199,NA,2.6576049664118,1,1,20
"CMU-TimeSeries","33",7.10885555967766,15.4107625306751,6.92523234594521,20.7756970378356,1,1,20
"CMU-TimeSeries","34",0.403790367017081,78.6141221155847,0.278653807529445,74.4005666103617,1,1,20
"CMU-TimeSeries","35",0.513968188857671,21.7189548745455,NA,41.5395655630198,1,1,20
"CMU-TimeSeries","36",0.686965516609977,136.865035916184,0.0354900445285321,10.540543224974,1,1,20
"CMU-TimeSeries","37",0.401721711909536,79.9433193164533,0.201796295482072,56.0993701440161,1,1,20
"CMU-TimeSeries","38",0.446694796786711,5.3133375002134,0.355616768842538,6.40110183916568,1,1,20
"CMU-TimeSeries","39",0.354075994792345,245.615436067554,0.538220351870046,436.496705366607,1,1,20
"CMU-TimeSeries","40",0.339518489643517,35.6993358688734,0.3352581953548,49.9534711078652,1,1,20
"CMU-TimeSeries","41",0.513759648804967,124.682765552155,0.834641419022742,240.37672867855,0,1,20
"CMU-TimeSeries","42",0.393977563187663,176.093924588285,0.0989515942707337,57.7877310541085,1,1,20
"CMU-TimeSeries","44",0.44017555239657,8.37711490413159,0.255612024801834,6.6459126448477,1,1,20
"CMU-TimeSeries","45",1.67081097434305,51.7718941389047,1.67989119654485,78.9548862376081,1,1,20
"CMU-TimeSeries","46",0.474740564651022,19.3987251074054,0.750099954066848,38.2550976574093,0,1,20
"CMU-TimeSeries","47",3.01070620838078,84.9150051033311,3.33579117905612,146.774811878469,0,1,20
"CMU-TimeSeries","48",0.573376119165451,157.451076674552,0.139424947175954,57.5825031836691,1,1,20
"CMU-TimeSeries","49",0.447904878170958,20.4976851551141,0.608485941776274,35.2921846230239,1,1,20
"CMU-TimeSeries","50",0.381904352379576,10.2699061715986,0.669517424011582,22.0940749923822,0,1,20
"CMU-TimeSeries","51",4.39481375907823,56.4446949752917,3.56525348903538,64.1745628026368,1,1,20
"CMU-TimeSeries","53",0.469918440002209,85.9068115786299,0.808609217059713,185.171510706674,1,1,20
"CMU-TimeSeries","54",0.444919624653512,41.0065008144786,0.486291061949143,57.3823453099989,1,1,20
"CMU-TimeSeries","55",0.527879068553249,54.09658792006,0.160953145252758,22.6943934806388,1,1,20
"CMU-TimeSeries","56",0.325596221140962,13.3644508056668,NA,24.7711896107669,0,1,20
"CMU-TimeSeries","72",1.50978189865851,28.0550298116374,1.5986973716184,46.3622237769335,0,1,20
"CMU-climate_baseline","01",4.50087888403218,121.907283025943,5.4793002844032,230.130611944934,0,1,20
"CMU-climate_baseline","02",16.9690102783996,17.8543499450987,NA,35.4760417116381,0,1,20
"CMU-climate_baseline","04",7.88597885210397,246.680275866727,10.494726225072,482.757406353314,0,1,20
"CMU-climate_baseline","05",1.36691376262247,114.766079509783,1.73196133569245,200.907514940324,0,1,20
"CMU-climate_baseline","06",1.07356989976805,476.463391063668,1.30217308779576,825.577737662513,1,1,20
"CMU-climate_baseline","08",3.45209436385086,145.02998877834,4.40401578259157,277.452994303269,0,1,20
"CMU-climate_baseline","09",1.61339659776497,98.543458284358,NA,188.964533589628,0,1,20
"CMU-climate_baseline","10",4.44237607780559,35.7321554084363,NA,68.0188999324408,0,1,20
"CMU-climate_baseline","11",1.05671691639046,55.1036522105247,1.57374557390436,99.1459711559748,0,1,20
"CMU-climate_baseline","12",9.1498200450167,523.687961185217,10.5131266130064,977.720775009594,0,1,20
"CMU-climate_baseline","13",2.95643892164521,125.56895885986,3.49089345077507,226.90807430038,1,1,20
"CMU-climate_baseline","15",1.28947563214209,17.8003701393527,1.74012255527207,33.0623285501694,1,1,20
"CMU-climate_baseline","16",0.951669086690818,40.6230293883179,1.22310330069781,73.3861980418684,0,1,20
"CMU-climate_baseline","17",1.88204412581927,505.065361604859,2.65067184055583,946.28984707843,0,1,20
"CMU-climate_baseline","18",2.0924044586542,495.186619702966,2.99259097822429,903.762475423734,0,1,20
"CMU-climate_baseline","19",5.42641982287703,126.09112217993,7.02043087879842,238.694649879146,0,1,20
"CMU-climate_baseline","20",1.9487962555698,111.855821253388,2.70977988345929,211.362830909825,0,1,20
"CMU-climate_baseline","21",4.55606209207078,299.71361158891,5.89311508755472,559.845933317699,0,1,20
"CMU-climate_baseline","22",11.7053938626546,142.174731716138,14.7442594429003,280.140929415106,0,1,20
"CMU-climate_baseline","23",2.04807518435894,88.6086371500824,NA,162.202181319686,0,1,20
"CMU-climate_baseline","24",0.976470762784769,198.446879463232,1.50239198782368,369.588429004626,0,1,20
"CMU-climate_baseline","25",2.0047783547748,402.91163731501,2.83932781548947,752.421871104709,0,1,20
"CMU-climate_baseline","26",2.52113533217709,459.118474613787,3.28636084319216,834.735654170809,0,1,20
"CMU-climate_baseline","27",0.910543237686525,77.093716493097,0.996493784663208,114.596785236269,1,1,20
"CMU-climate_baseline","28",2.83752280966235,49.0916120182975,3.18352607095951,89.1387299868664,0,1,20
"CMU-climate_baseline","29",10.349413571143,344.545477018443,12.6310421949411,631.552109747056,0,1,20
"CMU-climate_baseline","30",2.99712950150233,76.3538287004467,NA,138.115974050405,0,1,20
"CMU-climate_baseline","31",1.22039848193041,72.354772953476,1.87451279577287,138.713946887192,0,1,20
"CMU-climate_baseline","32",2.30332128411739,29.1940965541696,NA,45.7659573986258,1,1,20
"CMU-climate_baseline","33",36.0432964908455,78.1355983927633,48.1022975297811,144.306892589343,0,1,20
"CMU-climate_baseline","34",1.97320580096824,384.164295306072,2.72110805517074,726.535850730587,0,1,20
"CMU-climate_baseline","35",1.38116441491064,58.3644051365195,NA,108.469704492299,0,1,20
"CMU-climate_baseline","36",2.68529956199157,534.995734300226,3.41759302128334,1015.02512732115,0,1,20
"CMU-climate_baseline","37",1.84793496996496,367.742272822976,2.49107230095598,692.518099665764,0,1,20
"CMU-climate_baseline","38",1.02367176134672,12.1763530638798,1.21046261599179,21.7883270878521,0,1,20
"CMU-climate_baseline","39",1.49009802935515,1033.65120100308,2.3319880386723,1891.24229936324,0,1,20
"CMU-climate_baseline","40",0.748283196341176,78.6797007116337,0.913287276483137,136.079804195987,1,1,20
"CMU-climate_baseline","41",0.280123541326812,67.9823296946956,0.390341054993596,112.418223838156,0,1,20
"CMU-climate_baseline","42",3.26131072799219,1457.68962259525,4.57186354037557,2669.96830757934,0,1,20
"CMU-climate_baseline","44",1.97346679882936,37.5576472688517,2.69192281929346,69.98999330163,0,1,20
"CMU-climate_baseline","45",5.63169908955378,174.504317701878,6.98359448294906,328.228940698606,0,1,20
"CMU-climate_baseline","46",0.349349406929679,14.2750243313326,0.465844322945968,23.7580604702444,1,1,20
"CMU-climate_baseline","47",7.07701789662912,199.60267432797,8.55823445017289,376.562315807607,0,1,20
"CMU-climate_baseline","48",1.61059380011861,442.274659577962,2.00511540449013,828.112662054424,1,1,20
"CMU-climate_baseline","49",1.01104995401544,46.2691625912388,1.4554571922721,84.416517151782,0,1,20
"CMU-climate_baseline","50",0.629732848344062,16.9343376826436,0.927000377854381,30.5910124691946,0,1,20
"CMU-climate_baseline","51",20.6357979181991,265.035421958087,28.1713300005303,507.083940009546,0,1,20
"CMU-climate_baseline","53",0.898253385175689,164.211654068718,1.33713388196641,306.203658970307,0,1,20
"CMU-climate_baseline","54",2.93750554169271,270.738391190915,3.66797385549388,432.820914948278,0,0,20
"CMU-climate_baseline","55",3.07657540028577,315.284771738329,4.15108986791989,585.303671376704,0,1,20
"CMU-climate_baseline","56",0.430446007517836,17.6681242546647,NA,35.9752834946163,0,1,20
"CMU-climate_baseline","72",3.6418670599003,67.6738070752518,4.44930906843205,129.02996298453,0,1,20
"CU-ensemble","01",2.03958520611275,55.2426086956522,2.52380952380952,106,0,1,20
"CU-ensemble","02",2.80371900826446,2.95,NA,3,1,1,20
"CU-ensemble","04",1.84556472910238,57.7308695652174,1.34782608695652,62,1,1,20
"CU-ensemble","05",1.14391428630611,96.0430434782609,1.37931034482759,160,0,1,20
"CU-ensemble","06",0.462477272014797,205.253043478261,0.589905362776025,374,0,1,20
"CU-ensemble","08",0.475917953388252,19.994347826087,0.412698412698413,26,1,1,20
"CU-ensemble","09",0.270792995444191,16.5395652173913,NA,26,1,1,20
"CU-ensemble","10",0.701945945945946,5.64608695652174,NA,5,1,1,20
"CU-ensemble","11",0.966990728388474,50.4247826086957,1.06349206349206,67,0,0,20
"CU-ensemble","12",4.57531145548466,261.866956521739,5.44086021505376,506,0,1,20
"CU-ensemble","13",1.67799525018426,71.2695652173913,2.07692307692308,135,0,1,20
"CU-ensemble","15",0.554173228346457,7.65,0.684210526315789,13,1,1,20
"CU-ensemble","16",0.368656929250952,15.7365217391304,0.466666666666667,28,0,1,20
"CU-ensemble","17",0.312850356756336,83.9565217391304,0.417366946778712,149,1,1,20
"CU-ensemble","18",0.220250736704414,52.1243478260869,0.0960264900662252,29,1,1,20
"CU-ensemble","19",0.964523613501983,22.4121739130435,1.26470588235294,43,0,1,20
"CU-ensemble","20",0.262169163876559,15.0478260869565,0.333333333333333,26,1,1,20
"CU-ensemble","21",0.758337629377008,49.8860869565217,0.852631578947368,81,1,1,20
"CU-ensemble","22",4.39755154639175,53.4130434782609,4.47368421052632,85,0,1,20
"CU-ensemble","23",0.128261044338144,5.54913043478261,0,0,1,1,20
"CU-ensemble","24",0.437508824926299,88.914347826087,0.658536585365854,162,0,1,20
"CU-ensemble","25",0.178200257872466,35.8139130434783,0.0716981132075472,19,1,1,20
"CU-ensemble","26",0.37192967377187,67.7313043478261,0.511811023622047,130,1,1,20
"CU-ensemble","27",0.455365212390108,38.5547826086956,0.6,69,0,1,20
"CU-ensemble","28",0.510906714917571,8.83913043478261,0.178571428571429,5,1,1,20
"CU-ensemble","29",1.62596317095468,54.1304347826087,0.24,12,1,1,20
"CU-ensemble","30",0.532051063248797,13.554347826087,NA,25,0,1,20
"CU-ensemble","31",0.41521098253179,24.6169565217391,0.608108108108108,45,0,1,20
"CU-ensemble","32",0.57996020856202,7.35086956521739,0,0,1,1,20
"CU-ensemble","33",10.158844765343,22.0226086956522,13,39,0,1,20
"CU-ensemble","34",0.27735222917988,53.9978260869565,0.254681647940075,68,1,1,20
"CU-ensemble","35",0.287287019507778,12.14,NA,22,0,1,20
"CU-ensemble","36",0.456426002548927,90.934347826087,0.515151515151515,153,1,1,20
"CU-ensemble","37",0.241603743904357,48.0795652173913,0.172661870503597,48,1,1,20
"CU-ensemble","38",0.640178375612252,7.61478260869565,0.777777777777778,14,1,1,20
"CU-ensemble","39",0.194761523920314,135.102173913043,0.325524044389642,264,1,1,20
"CU-ensemble","40",0.358231543429899,37.6669565217391,0.409395973154362,61,1,1,20
"CU-ensemble","41",0.662795155684546,160.851739130435,0.791666666666667,228,0,0,20
"CU-ensemble","42",0.271305560797574,121.263913043478,0.190068493150685,111,1,1,20
"CU-ensemble","44",0.28742118249109,5.47,0.192307692307692,5,1,1,20
"CU-ensemble","45",0.907419879889993,28.1173913043478,1.06382978723404,50,1,1,20
"CU-ensemble","46",0.661647975144177,27.0360869565217,0.803921568627451,41,0,1,20
"CU-ensemble","47",2.35433944812702,66.4026086956522,2.95454545454545,130,0,1,20
"CU-ensemble","48",0.308433662450838,84.6969565217391,0.210653753026634,87,1,1,20
"CU-ensemble","49",0.361632591016189,16.5495652173913,0.5,29,1,1,20
"CU-ensemble","50",0.464494745351657,12.4908695652174,0.636363636363636,21,0,1,20
"CU-ensemble","51",2.80981719702099,36.0878260869565,2.88888888888889,52,1,1,20
"CU-ensemble","53",0.286896981458755,52.4482608695652,0.506550218340611,116,0,1,20
"CU-ensemble","54",0.216140993103188,19.9208695652174,0.211864406779661,25,1,1,20
"CU-ensemble","55",0.336781189807469,34.5130434782609,0.418439716312057,59,1,1,20
"CU-ensemble","56",0.46216342181641,18.97,NA,29,0,1,20
"CU-ensemble","72",2.2663141393107,42.1130434782609,2.37931034482759,69,1,1,20
"FluSight-baseline","01",1,27.0852173913043,1,42,0,1,20
"FluSight-baseline","02",1,1.05217391304348,NA,1,1,1,20
"FluSight-baseline","04",1,31.2808695652174,1,46,0,1,20
"FluSight-baseline","05",1,83.96,1,116,0,1,20
"FluSight-baseline","06",1,443.812173913043,1,634,0,1,20
"FluSight-baseline","08",1,42.0121739130435,1,63,0,1,20
"FluSight-baseline","09",1,61.0782608695652,NA,86,0,1,20
"FluSight-baseline","10",1,8.04347826086957,NA,12,0,1,20
"FluSight-baseline","11",1,52.1460869565218,1,63,0,0,20
"FluSight-baseline","12",1,57.2347826086956,1,93,0,1,20
"FluSight-baseline","13",1,42.4730434782609,1,65,0,1,20
"FluSight-baseline","15",1,13.804347826087,1,19,0,0,20
"FluSight-baseline","16",1,42.6860869565217,1,60,0,1,20
"FluSight-baseline","17",1,268.36,1,357,0,0,20
"FluSight-baseline","18",1,236.659130434783,1,302,0,0,20
"FluSight-baseline","19",1,23.2365217391304,1,34,0,1,20
"FluSight-baseline","20",1,57.3973913043478,1,78,0,1,20
"FluSight-baseline","21",1,65.7834782608696,1,95,0,1,20
"FluSight-baseline","22",1,12.1460869565217,1,19,0,1,20
"FluSight-baseline","23",1,43.264347826087,NA,57,0,0,20
"FluSight-baseline","24",1,203.228695652174,1,246,0,0,20
"FluSight-baseline","25",1,200.975652173913,1,265,0,0,20
"FluSight-baseline","26",1,182.107826086956,1,254,0,0,20
"FluSight-baseline","27",1,84.6678260869565,1,115,0,1,20
"FluSight-baseline","28",1,17.3008695652174,1,28,0,1,20
"FluSight-baseline","29",1,33.2913043478261,1,50,0,1,20
"FluSight-baseline","30",1,25.475652173913,NA,36,0,1,20
"FluSight-baseline","31",1,59.2878260869565,1,74,0,0,20
"FluSight-baseline","32",1,12.6747826086957,NA,20,0,1,20
"FluSight-baseline","33",1,2.16782608695652,1,3,0,1,20
"FluSight-baseline","34",1,194.690434782609,1,267,0,1,20
"FluSight-baseline","35",1,42.2573913043478,NA,61,0,1,20
"FluSight-baseline","36",1,199.231304347826,1,297,0,1,20
"FluSight-baseline","37",1,199.001739130435,1,278,0,1,20
"FluSight-baseline","38",1,11.8947826086956,1,18,0,1,20
"FluSight-baseline","39",1,693.68,1,811,0,0,20
"FluSight-baseline","40",1,105.146956521739,1,149,0,1,20
"FluSight-baseline","41",1,242.686956521739,1,288,0,0,20
"FluSight-baseline","42",1,446.964347826087,1,584,0,1,20
"FluSight-baseline","44",1,19.0313043478261,1,26,0,1,20
"FluSight-baseline","45",1,30.9860869565217,1,47,0,1,20
"FluSight-baseline","46",1,40.8617391304348,1,51,0,0,20
"FluSight-baseline","47",1,28.204347826087,1,44,0,1,20
"FluSight-baseline","48",1,274.60347826087,1,413,0,1,20
"FluSight-baseline","49",1,45.7634782608696,1,58,0,0,20
"FluSight-baseline","50",1,26.8913043478261,1,33,0,0,20
"FluSight-baseline","51",1,12.8434782608696,1,18,0,1,20
"FluSight-baseline","53",1,182.812173913043,1,229,0,0,20
"FluSight-baseline","54",1,92.1660869565217,1,118,0,0,20
"FluSight-baseline","55",1,102.479130434783,1,141,0,1,20
"FluSight-baseline","56",1,41.0460869565217,NA,51,0,0,20
"FluSight-baseline","72",1,18.5821739130435,1,29,0,1,20
"FluSight-ensemble","01",1.60812893283678,43.5565217391304,1.83333333333333,77,0,1,20
"FluSight-ensemble","02",3.39834710743802,3.57565217391304,NA,4,1,1,20
"FluSight-ensemble","04",1.27484502265588,39.8782608695652,0.804347826086957,37,1,1,20
"FluSight-ensemble","05",1.05973341342668,88.9752173913044,1.25,145,0,1,20
"FluSight-ensemble","06",0.443591491896298,196.871304347826,0.589905362776025,374,0,1,20
"FluSight-ensemble","08",0.495518897214058,20.8178260869565,0.0952380952380952,6,1,1,20
"FluSight-ensemble","09",0.367084282460137,22.4208695652174,NA,40,1,1,20
"FluSight-ensemble","10",0.852648648648648,6.85826086956522,0,0,1,1,20
"FluSight-ensemble","11",0.95126567502668,49.6047826086956,1.06349206349206,67,0,0,20
"FluSight-ensemble","12",2.37566089334549,135.970434782609,2.86021505376344,266,1,1,20
"FluSight-ensemble","13",1.17028703627876,49.705652173913,1.33846153846154,87,0,1,20
"FluSight-ensemble","15",0.457259842519685,6.31217391304348,0.631578947368421,12,0,1,20
"FluSight-ensemble","16",0.510715231518263,21.8004347826087,0.816666666666667,49,0,1,20
"FluSight-ensemble","17",0.339320315993442,91.06,0.420168067226891,150,1,1,20
"FluSight-ensemble","18",0.343329977439575,81.2521739130435,0.529801324503311,160,1,1,20
"FluSight-ensemble","19",0.69596212858319,16.1717391304348,0.205882352941176,7,1,1,20
"FluSight-ensemble","20",0.281477722059782,16.1560869565217,0.269230769230769,21,1,1,20
"FluSight-ensemble","21",0.580732574585927,38.2026086956522,0.452631578947368,43,1,1,20
"FluSight-ensemble","22",2.67898052691867,32.5391304347826,3,57,0,1,20
"FluSight-ensemble","23",0.394048719700928,17.0482608695652,NA,30,1,1,20
"FluSight-ensemble","24",0.34106789096028,69.3147826086957,0.544715447154472,134,0,1,20
"FluSight-ensemble","25",0.313583302325179,63.0226086956522,0.381132075471698,101,1,1,20
"FluSight-ensemble","26",0.483951218580488,88.1313043478261,0.574803149606299,146,1,1,20
"FluSight-ensemble","27",0.418879919480733,35.465652173913,0.582608695652174,67,0,1,20
"FluSight-ensemble","28",0.684861278648975,11.8486956521739,0.464285714285714,13,1,1,20
"FluSight-ensemble","29",1.32344260154107,44.0591304347826,0.5,25,1,1,20
"FluSight-ensemble","30",0.39126873058675,9.96782608695652,NA,13,1,1,20
"FluSight-ensemble","31",0.388480661767941,23.0321739130435,0.608108108108108,45,0,1,20
"FluSight-ensemble","32",0.603972283205269,7.65521739130435,NA,4,1,1,20
"FluSight-ensemble","33",6.2204171680706,13.4847826086957,8.66666666666667,26,1,1,20
"FluSight-ensemble","34",0.345931556897461,67.3495652173913,0.449438202247191,120,1,1,20
"FluSight-ensemble","35",0.490698822948391,20.735652173913,NA,42,0,1,20
"FluSight-ensemble","36",0.426641963023097,85.0004347826087,0.0707070707070707,21,1,1,20
"FluSight-ensemble","37",0.315245223987555,62.734347826087,0.26978417266187,75,1,1,20
"FluSight-ensemble","38",0.504642152204109,6.00260869565218,0.611111111111111,11,1,1,20
"FluSight-ensemble","39",0.317434928020939,220.198260869565,0.631319358816276,512,1,1,20
"FluSight-ensemble","40",0.461771929969649,48.5539130434783,0.624161073825503,93,0,1,20
"FluSight-ensemble","41",0.628159375111971,152.446086956522,0.802083333333333,231,0,0,20
"FluSight-ensemble","42",0.366796106682957,163.944782608696,0.296232876712329,173,1,1,20
"FluSight-ensemble","44",0.371104815864023,7.06260869565217,0.384615384615385,10,1,1,20
"FluSight-ensemble","45",0.898874670258742,27.8526086956522,0.0851063829787234,4,1,1,20
"FluSight-ensemble","46",0.619267519312209,25.304347826087,0.764705882352941,39,0,0,20
"FluSight-ensemble","47",1.79793433019886,50.7095652173913,2.11363636363636,93,0,1,20
"FluSight-ensemble","48",0.484084561454619,132.931304347826,0.535108958837772,221,1,1,20
"FluSight-ensemble","49",0.387065820475792,17.7134782608696,0.603448275862069,35,0,1,20
"FluSight-ensemble","50",0.503346806790622,13.535652173913,0.757575757575758,25,0,1,20
"FluSight-ensemble","51",3.24522681110359,41.68,3.55555555555556,64,1,1,20
"FluSight-ensemble","53",0.436739537848302,79.8413043478261,0.733624454148472,168,0,1,20
"FluSight-ensemble","54",0.361931673443972,33.3578260869565,0.440677966101695,52,1,1,20
"FluSight-ensemble","55",0.360858202306302,36.9804347826087,0.141843971631206,20,1,1,20
"FluSight-ensemble","56",0.547327500370739,22.465652173913,NA,41,0,1,20
"FluSight-ensemble","72",1.18425793771497,22.0060869565217,1.06896551724138,31,1,1,20
"FluSight-lop_norm","01",1.69896943623989,46.0169565217391,2.0952380952381,88,0,1,20
"FluSight-lop_norm","02",3.90123966942149,4.10478260869565,NA,4,1,1,20
"FluSight-lop_norm","04",1.47121452200261,46.0208695652174,0.804347826086957,37,1,1,20
"FluSight-lop_norm","05",0.897482237918677,75.3526086956522,1.19827586206897,139,0,1,20
"FluSight-lop_norm","06",0.443994129910029,197.05,0.511041009463722,324,0,1,20
"FluSight-lop_norm","08",0.55457010390363,23.2986956521739,0.0952380952380952,6,1,1,20
"FluSight-lop_norm","09",0.435492596810934,26.5991304347826,NA,42,1,1,20
"FluSight-lop_norm","10",0.856054054054054,6.88565217391304,NA,2,1,1,20
"FluSight-lop_norm","11",0.713872398612593,37.225652173913,1.01587301587302,64,0,1,20
"FluSight-lop_norm","12",2.67623822546339,153.173913043478,2.95698924731183,275,1,1,20
"FluSight-lop_norm","13",1.30701826222259,55.5130434782609,1.58461538461538,103,1,1,20
"FluSight-lop_norm","15",0.55555905511811,7.66913043478261,0.684210526315789,13,0,1,20
"FluSight-lop_norm","16",0.505459471572043,21.5760869565217,0.7,42,0,1,20
"FluSight-lop_norm","17",0.349253436331469,93.725652173913,0.327731092436975,117,1,1,20
"FluSight-lop_norm","18",0.388544521932113,91.9526086956522,0.410596026490066,124,1,1,20
"FluSight-lop_norm","19",0.830981962427962,19.3091304347826,0.147058823529412,5,1,1,20
"FluSight-lop_norm","20",0.353818534397867,20.3082608695652,0.217948717948718,17,1,1,20
"FluSight-lop_norm","21",0.719375817900623,47.3230434782609,0.473684210526316,45,1,1,20
"FluSight-lop_norm","22",3.306343069874,40.1591304347826,3.89473684210526,74,0,1,20
"FluSight-lop_norm","23",0.4234935884552,18.3221739130435,NA,21,1,1,20
"FluSight-lop_norm","24",0.327568427943675,66.5713043478261,0.48780487804878,120,0,1,20
"FluSight-lop_norm","25",0.335924317027371,67.5126086956522,0.264150943396226,70,1,1,20
"FluSight-lop_norm","26",0.527785736114294,96.1139130434783,0.468503937007874,119,1,1,20
"FluSight-lop_norm","27",0.381721920959658,32.3195652173913,0.417391304347826,48,1,1,20
"FluSight-lop_norm","28",0.97743264977885,16.9104347826087,0.571428571428571,16,1,1,20
"FluSight-lop_norm","29",1.67030168473292,55.6065217391304,1.16,58,1,1,20
"FluSight-lop_norm","30",0.463699354882753,11.8130434782609,NA,7,1,1,20
"FluSight-lop_norm","31",0.363429694489667,21.5469565217391,0.527027027027027,39,0,1,20
"FluSight-lop_norm","32",0.625548847420417,7.92869565217391,NA,4,1,1,20
"FluSight-lop_norm","33",7.2936221419976,15.8113043478261,8.66666666666667,26,1,1,20
"FluSight-lop_norm","34",0.390595549679759,76.0452173913043,0.325842696629214,87,1,1,20
"FluSight-lop_norm","35",0.467106346201333,19.7386956521739,NA,36,1,1,20
"FluSight-lop_norm","36",0.527296216763561,105.053913043478,0.0437710437710438,13,1,1,20
"FluSight-lop_norm","37",0.362893922709873,72.2165217391304,0.212230215827338,59,1,1,20
"FluSight-lop_norm","38",0.579940054097522,6.89826086956522,0.611111111111111,11,1,1,20
"FluSight-lop_norm","39",0.315303886518279,218.72,0.456226880394575,370,1,1,20
"FluSight-lop_norm","40",0.488053986552982,51.3173913043478,0.557046979865772,83,0,1,20
"FluSight-lop_norm","41",0.537726181518507,130.499130434783,0.756944444444445,218,0,1,20
"FluSight-lop_norm","42",0.441264647117074,197.229565217391,0.123287671232877,72,1,1,20
"FluSight-lop_norm","44",0.395869505620031,7.53391304347826,0.307692307692308,8,1,1,20
"FluSight-lop_norm","45",1.19335466127855,36.9773913043478,0.638297872340426,30,1,1,20
"FluSight-lop_norm","46",0.584707709987019,23.8921739130435,0.784313725490196,40,0,1,20
"FluSight-lop_norm","47",1.92395560351472,54.2639130434783,2.25,99,1,1,20
"FluSight-lop_norm","48",0.492794353280936,135.323043478261,0.387409200968523,160,1,1,20
"FluSight-lop_norm","49",0.365185832636619,16.7121739130435,0.551724137931034,32,0,1,20
"FluSight-lop_norm","50",0.514341147938561,13.8313043478261,0.787878787878788,26,0,1,20
"FluSight-lop_norm","51",4.02660798916723,51.715652173913,4.05555555555556,73,1,1,20
"FluSight-lop_norm","53",0.39326179400097,71.8930434782609,0.611353711790393,140,0,1,20
"FluSight-lop_norm","54",0.400425507826136,36.905652173913,0.245762711864407,29,1,1,20
"FluSight-lop_norm","55",0.391430704873102,40.1134782608696,0.0709219858156028,10,1,1,20
"FluSight-lop_norm","56",0.495784166260619,20.35,NA,37,0,1,20
"FluSight-lop_norm","72",1.29397037834297,24.0447826086957,1.06896551724138,31,1,1,20
"FluSight-trained_mean","01",1.29045008212316,34.9521210069323,1.39570300798703,58.6195263354551,1,1,20
"FluSight-trained_mean","02",5.91306230051628,6.22156989880409,NA,8.3276235650404,1,1,20
"FluSight-trained_mean","04",2.01875928855977,63.1485459890092,0.628076579776311,28.8915226697103,1,1,20
"FluSight-trained_mean","05",0.480274402836668,40.3238388621667,0.548899208846523,63.6723082261967,1,1,20
"FluSight-trained_mean","06",0.796821914230244,353.639265976077,1.02941750720511,652.650699568038,0,1,20
"FluSight-trained_mean","08",0.74124300882466,31.1412301985692,0.00182787772367495,0.115156296591522,1,1,20
"FluSight-trained_mean","09",0.691745299356991,42.2505998494218,NA,74.0207356477378,1,1,20
"FluSight-trained_mean","10",1.22931999255449,9.88800863576436,NA,6.54607652876344,1,1,20
"FluSight-trained_mean","11",0.362217622876629,18.8882316597093,0.0168247707169689,1.05996055516904,1,1,20
"FluSight-trained_mean","12",2.55723020205452,146.362514694981,0.399507489750753,37.15419654682,1,1,20
"FluSight-trained_mean","13",1.13840134446517,48.3513697991797,0.272221167251966,17.6943758713778,1,1,20
"FluSight-trained_mean","15",1.63021781159446,22.5040937035322,2.0855521222419,39.6254903225961,0,1,20
"FluSight-trained_mean","16",0.419115464169387,17.8903991483574,0.57950890336718,34.7705342020308,1,1,20
"FluSight-trained_mean","17",0.528508767550623,141.830612859885,0.669106196691783,238.870912218966,1,1,20
"FluSight-trained_mean","18",0.470596918015097,111.371057402742,0.582260978515212,175.842815511594,1,1,20
"FluSight-trained_mean","19",1.1304746860811,26.2682996186601,0.284673381555042,9.67889497287143,1,1,20
"FluSight-trained_mean","20",0.590313187182701,33.8824369968422,0.655268596104382,51.1109504961418,1,1,20
"FluSight-trained_mean","21",0.996118942924347,65.5281688271042,0.00839848083704319,0.797855679519103,1,1,20
"FluSight-trained_mean","22",2.68522843252045,32.6150180395179,3.03511013381342,57.667092542455,1,1,20
"FluSight-trained_mean","23",1.35453613826745,58.6031226290077,NA,106.327782068671,0,1,20
"FluSight-trained_mean","24",0.595221889855006,120.966168298855,0.927903248686586,228.2641991769,0,1,20
"FluSight-trained_mean","25",0.414762197155941,83.3571030705004,0.150162704773194,39.7931167648965,1,1,20
"FluSight-trained_mean","26",0.598416447642086,108.976318374779,0.625987342817712,159.000785075699,1,1,20
"FluSight-trained_mean","27",0.478131815071171,40.4823813650867,0.377335906120051,43.3936292038059,1,1,20
"FluSight-trained_mean","28",1.94708671416485,33.6862932739339,1.81612482680632,50.851495150577,1,1,20
"FluSight-trained_mean","29",2.04496371419648,68.0795093895759,0.200365720138739,10.0182860069369,1,1,20
"FluSight-trained_mean","30",0.538218304342332,13.7114623150585,NA,10.651794636948,1,1,20
"FluSight-trained_mean","31",0.461922367915145,27.3863730146283,0.662316556953653,49.0114252145703,1,1,20
"FluSight-trained_mean","32",0.768065619670948,9.73506475854238,NA,3.67409030246404,1,1,20
"FluSight-trained_mean","33",5.32881869949992,11.5519521894377,2.20006419875132,6.60019259625398,1,1,20
"FluSight-trained_mean","34",0.638116121176543,124.235105073653,0.73730644646942,196.860821207335,1,1,20
"FluSight-trained_mean","35",0.485828314883767,20.5298372087753,NA,42.5527465454975,1,1,20
"FluSight-trained_mean","36",0.856128671141342,170.567631841061,0.899069489021955,267.023638239521,1,1,20
"FluSight-trained_mean","37",0.697104479813221,138.725003838448,0.47838745141445,132.991711493217,1,1,20
"FluSight-trained_mean","38",0.930249710035364,11.0651180726728,1.10881963671322,19.9587534608379,0,1,20
"FluSight-trained_mean","39",0.290067106220873,201.213750243295,0.000919675500167766,0.745856830636058,1,1,20
"FluSight-trained_mean","40",0.933364380088738,98.1404238921306,1.2381993303797,184.491700226576,0,1,20
"FluSight-trained_mean","41",0.520598196665374,126.342391919426,0.774838510188711,223.153490934349,0,1,20
"FluSight-trained_mean","42",0.903202208941206,403.699186274487,1.28306206870675,749.308248124745,1,1,20
"FluSight-trained_mean","44",0.685722704455684,13.0501974867105,0.83300814690653,21.6582118195698,1,1,20
"FluSight-trained_mean","45",2.92385238098768,90.5987441253173,3.0994183290229,145.672661464076,1,1,20
"FluSight-trained_mean","46",0.765434594868417,31.2769887369233,1.08477494637444,55.3235222650964,0,1,20
"FluSight-trained_mean","47",1.82030425197885,51.3404942721164,0.813956229654027,35.8140741047772,1,1,20
"FluSight-trained_mean","48",0.941581510669037,258.561557895842,0.845253259317558,349.089596098151,1,1,20
"FluSight-trained_mean","49",0.359364739699561,16.4457804529639,0.506376555301822,29.3698402075057,0,1,20
"FluSight-trained_mean","50",0.654786247066778,17.6080562526436,0.971905136578331,32.0728695070849,0,1,20
"FluSight-trained_mean","51",4.97120176791882,63.8475218366617,2.77394849360816,49.931072884947,1,1,20
"FluSight-trained_mean","53",0.391942813920329,71.6519178623709,0.605190708231359,138.588672184981,0,1,20
"FluSight-trained_mean","54",0.467696834557424,43.1057871231095,0.164332860506976,19.3912775398231,1,1,20
"FluSight-trained_mean","55",0.694304195913222,71.1516902544079,0.732298105532583,103.254032880094,1,1,20
"FluSight-trained_mean","56",1.05044914578965,43.1168269814858,NA,77.1673121895533,0,1,20
"FluSight-trained_mean","72",1.88242850975893,34.9796139472117,0.154396626542193,4.47750216972361,1,1,20
"FluSight-trained_med","01",1.40220925205998,37.9791424201429,1.48467857142857,62.3565,1,1,20
"FluSight-trained_med","02",3.60746035648492,3.79567567943196,NA,0.255849779442585,1,1,20
"FluSight-trained_med","04",1.84476437631222,57.7058338339821,0.346283042709907,15.9290199646557,1,1,20
"FluSight-trained_med","05",0.80564249065529,67.6417435154182,1.15086206896552,133.5,0,1,20
"FluSight-trained_med","06",0.578104938459819,256.570009487719,0.717184542586751,454.695,1,1,20
"FluSight-trained_med","08",0.730644215991258,30.695951870784,0.296503901552353,18.6797457977983,1,1,20
"FluSight-trained_med","09",0.505912192493105,30.9002368701876,NA,51.5,1,1,20
"FluSight-trained_med","10",1.10212438250168,8.86491351142652,NA,5.29553840288534,1,1,20
"FluSight-trained_med","11",0.60824436680049,31.7175636419929,0.865079365079365,54.5,0,1,20
"FluSight-trained_med","12",3.08448860719935,176.540034892053,2.74853745327201,255.613983154297,1,1,20
"FluSight-trained_med","13",1.21581194720376,51.6392336949744,0.77683553513747,50.4943097839355,1,1,20
"FluSight-trained_med","15",0.587482032114307,8.10980631288228,0.785367664537932,14.9219856262207,1,1,20
"FluSight-trained_med","16",0.553960602367957,23.6464104431658,0.934484990437826,56.0690994262695,1,1,20
"FluSight-trained_med","17",0.421073741882748,112.999349371654,0.540616246498599,193,1,1,20
"FluSight-trained_med","18",0.472800640426318,111.892588432301,0.891478510092426,269.226510047913,1,1,20
"FluSight-trained_med","19",1.12250181422714,26.0830378085022,0.0182352941176472,0.620000000000005,1,1,20
"FluSight-trained_med","20",0.475577189145154,27.2968900207862,0.384615384615385,30,1,1,20
"FluSight-trained_med","21",0.933728486750515,61.4239076097071,0.304821277630332,28.9580213748816,1,1,20
"FluSight-trained_med","22",2.89684950465643,35.1853859835139,3.24387347845756,61.6335960906936,1,1,20
"FluSight-trained_med","23",0.466508785752393,20.183198370717,NA,35.6559471549845,1,1,20
"FluSight-trained_med","24",0.415525162769617,84.4466368403265,0.707317073170732,174,1,1,20
"FluSight-trained_med","25",0.42586560062465,85.5886168239742,0.392452830188679,104,1,1,20
"FluSight-trained_med","26",0.590479399933968,107.530919871105,0.767576663277748,194.964472472548,1,1,20
"FluSight-trained_med","27",0.523441848718253,44.318683413912,0.631182080559109,72.5859392642975,1,1,20
"FluSight-trained_med","28",1.36049679982005,23.5377776775823,0.553571428571429,15.5,1,1,20
"FluSight-trained_med","29",1.74079545621916,57.9533513403047,0.1826,9.13,1,1,20
"FluSight-trained_med","30",0.609705282953494,15.5326397171204,NA,25.2816737110014,1,1,20
"FluSight-trained_med","31",0.443696002872477,26.3057714537812,0.673261485134408,49.8213498999462,0,1,20
"FluSight-trained_med","32",0.875482569197309,11.0965512422782,NA,2.82880248320589,1,1,20
"FluSight-trained_med","33",5.98113452584603,12.9660594547253,6.96261617297261,20.8878485189178,1,1,20
"FluSight-trained_med","34",0.415166729026434,80.8289909814299,0.417306810861423,111.4209185,1,1,20
"FluSight-trained_med","35",0.569797222247338,24.0781441846362,NA,53.6583662033081,0,1,20
"FluSight-trained_med","36",0.659965985446041,131.485884105613,0.275320779840024,81.770271612487,1,1,20
"FluSight-trained_med","37",0.503454735238812,100.188367885976,0.187229082992835,52.0496850720081,1,1,20
"FluSight-trained_med","38",0.717208600766749,8.53104039120726,0.75,13.5,1,1,20
"FluSight-trained_med","39",0.352188680797859,244.306244095859,0.56935678505956,461.748352683303,1,1,20
"FluSight-trained_med","40",0.808842041623363,85.0472789835265,1.14329965425018,170.351648483276,1,1,20
"FluSight-trained_med","41",0.597366597875118,144.973081566058,0.828779042844704,238.688364339275,0,0,20
"FluSight-trained_med","42",0.527721622967362,235.872751043331,0.514554794520548,300.5,1,1,20
"FluSight-trained_med","44",0.517122430291992,9.84151435597438,0.527452895274529,13.7137752771378,1,1,20
"FluSight-trained_med","45",1.56034910745332,48.3491131260797,0.257218381191822,12.0892639160156,1,1,20
"FluSight-trained_med","46",0.52333315836138,21.3843029952692,0.910823529411765,46.452,0,1,20
"FluSight-trained_med","47",1.98540584546905,55.9970770415554,1.49190384257924,65.6437690734863,1,1,20
"FluSight-trained_med","48",0.746159390115718,204.897963862785,0.839581113801452,346.747,1,1,20
"FluSight-trained_med","49",0.40425431139349,18.5000833913188,0.60246630106055,34.9430454615119,0,1,20
"FluSight-trained_med","50",0.481307095871824,12.9429755998575,0.787878787878788,26,0,1,20
"FluSight-trained_med","51",4.11204364607036,52.8129431760514,2.83333333333333,51,1,1,20
"FluSight-trained_med","53",0.423368236458227,77.3968676726598,0.740174672489083,169.5,0,1,20
"FluSight-trained_med","54",0.458367667206516,42.2459542738137,0.536196378432199,63.2711726549994,1,1,20
"FluSight-trained_med","55",0.444515046516188,45.5535154321558,0.232958842129925,32.8471967403194,1,1,20
"FluSight-trained_med","56",0.658752088034832,27.039195488268,NA,50.0736217689514,0,1,20
"FluSight-trained_med","72",1.63563444303514,30.393643678643,0.988155172413793,28.6565,1,1,20
"Gatech-ensemble_point","01",1.49991973802491,40.625652173913,1.80952380952381,76,0,1,20
"Gatech-ensemble_point","02",3.27438016528926,3.44521739130435,NA,5,1,1,20
"Gatech-ensemble_point","04",1.18488866649988,37.064347826087,0.869565217391304,40,1,1,20
"Gatech-ensemble_point","05",1.49523064813472,125.539565217391,1.44827586206897,168,0,0,20
"Gatech-ensemble_point","06",0.70028351202232,310.794347826087,0.818611987381703,519,0,1,20
"Gatech-ensemble_point","08",0.501014198782961,21.0486956521739,0.0476190476190476,3,1,1,20
"Gatech-ensemble_point","09",0.372472949886105,22.75,NA,40,1,1,20
"Gatech-ensemble_point","10",0.914756756756756,7.35782608695652,NA,14,1,1,20
"Gatech-ensemble_point","11",0.988293756670224,51.535652173913,1.01587301587302,64,0,0,20
"Gatech-ensemble_point","12",2.41330902461258,138.125217391304,2.83870967741935,264,0,1,20
"Gatech-ensemble_point","13",1.33942756530997,56.8895652173913,1.63076923076923,106,0,1,20
"Gatech-ensemble_point","15",0.41911811023622,5.78565217391304,0.578947368421053,11,0,1,20
"Gatech-ensemble_point","16",0.67467253356149,28.7991304347826,0.816666666666667,49,0,1,20
"Gatech-ensemble_point","17",0.478439085718729,128.393913043478,0.647058823529412,231,0,1,20
"Gatech-ensemble_point","18",0.362824168313994,85.865652173913,0.533112582781457,161,0,1,20
"Gatech-ensemble_point","19",0.579466357308585,13.4647826086957,0.088235294117647,3,1,1,20
"Gatech-ensemble_point","20",0.253806414471192,14.5678260869565,0.243589743589744,19,1,1,20
"Gatech-ensemble_point","21",0.572900556502888,37.6873913043478,0.705263157894737,67,1,1,20
"Gatech-ensemble_point","22",1.99488115693013,24.23,2.05263157894737,39,1,1,20
"Gatech-ensemble_point","23",0.490322386139808,21.2134782608696,NA,39,0,1,20
"Gatech-ensemble_point","24",0.378825739261402,76.9882608695652,0.540650406504065,133,0,1,20
"Gatech-ensemble_point","25",0.473674076894454,95.1969565217391,0.667924528301887,177,0,1,20
"Gatech-ensemble_point","26",0.662190102376041,120.59,0.881889763779528,224,0,1,20
"Gatech-ensemble_point","27",0.623531345000411,52.7930434782609,0.817391304347826,94,0,1,20
"Gatech-ensemble_point","28",0.590922798552473,10.2234782608696,0.321428571428571,9,1,1,20
"Gatech-ensemble_point","29",1.01653389055766,33.8417391304348,0.44,22,1,1,20
"Gatech-ensemble_point","30",0.6076731405946,15.4808695652174,NA,28,0,1,20
"Gatech-ensemble_point","31",0.452054091315762,26.8013043478261,0.675675675675676,50,0,1,20
"Gatech-ensemble_point","32",0.803615532381998,10.185652173913,NA,9,1,1,20
"Gatech-ensemble_point","33",4.4263939029282,9.59565217391304,5.66666666666667,17,1,1,20
"Gatech-ensemble_point","34",0.462654202435081,90.074347826087,0.625468164794007,167,0,1,20
"Gatech-ensemble_point","35",0.583679726726479,24.6647826086956,NA,46,0,1,20
"Gatech-ensemble_point","36",0.419014822186141,83.4808695652174,0.447811447811448,133,1,1,20
"Gatech-ensemble_point","37",0.45749436316921,91.0421739130435,0.607913669064748,169,0,1,20
"Gatech-ensemble_point","38",0.498574457197164,5.9304347826087,0.555555555555556,10,1,1,20
"Gatech-ensemble_point","39",0.461562905838051,320.176956521739,0.660912453760789,536,0,1,20
"Gatech-ensemble_point","40",0.530971145973751,55.83,0.691275167785235,103,0,1,20
"Gatech-ensemble_point","41",0.792600953097567,192.353913043478,0.833333333333333,240,0,0,20
"Gatech-ensemble_point","42",0.344894739197174,154.155652173913,0.493150684931507,288,0,1,20
"Gatech-ensemble_point","44",0.292744220049347,5.57130434782609,0.346153846153846,9,1,1,20
"Gatech-ensemble_point","45",0.52775439187293,16.3530434782609,0.127659574468085,6,1,1,20
"Gatech-ensemble_point","46",0.406109680577132,16.594347826087,0.568627450980392,29,0,1,20
"Gatech-ensemble_point","47",2.46489902882688,69.5208695652174,2.79545454545455,123,0,1,20
"Gatech-ensemble_point","48",0.578144296598415,158.760434782609,0.711864406779661,294,0,1,20
"Gatech-ensemble_point","49",0.479440601960933,21.9408695652174,0.655172413793103,38,0,1,20
"Gatech-ensemble_point","50",0.512352465642684,13.7778260869565,0.696969696969697,23,0,1,20
"Gatech-ensemble_point","51",4.04505754908598,51.9526086956522,5.5,99,0,1,20
"Gatech-ensemble_point","53",0.64638212658276,118.16652173913,0.807860262008734,185,0,0,20
"Gatech-ensemble_point","54",0.402010548065402,37.0517391304348,0.584745762711865,69,0,1,20
"Gatech-ensemble_point","55",0.437743421778347,44.8595652173913,0.574468085106383,81,1,1,20
"Gatech-ensemble_point","56",0.770830243840434,31.6395652173913,NA,46,0,0,20
"Gatech-ensemble_point","72",0.940709890264162,17.4804347826087,0.862068965517241,25,1,1,20
"Gatech-ensemble_prob","01",1.49991973802491,40.625652173913,1.80952380952381,76,0,1,20
"Gatech-ensemble_prob","02",3.27438016528926,3.44521739130435,NA,5,1,1,20
"Gatech-ensemble_prob","04",1.18488866649988,37.064347826087,0.869565217391304,40,1,1,20
"Gatech-ensemble_prob","05",1.49523064813472,125.539565217391,1.44827586206897,168,0,0,20
"Gatech-ensemble_prob","06",0.70028351202232,310.794347826087,0.818611987381703,519,0,1,20
"Gatech-ensemble_prob","08",0.501014198782961,21.0486956521739,0.0476190476190476,3,1,1,20
"Gatech-ensemble_prob","09",0.372472949886105,22.75,NA,40,1,1,20
"Gatech-ensemble_prob","10",0.914756756756756,7.35782608695652,NA,14,1,1,20
"Gatech-ensemble_prob","11",0.988293756670224,51.535652173913,1.01587301587302,64,0,0,20
"Gatech-ensemble_prob","12",2.41330902461258,138.125217391304,2.83870967741935,264,0,1,20
"Gatech-ensemble_prob","13",1.33942756530997,56.8895652173913,1.63076923076923,106,0,1,20
"Gatech-ensemble_prob","15",0.41911811023622,5.78565217391304,0.578947368421053,11,0,1,20
"Gatech-ensemble_prob","16",0.67467253356149,28.7991304347826,0.816666666666667,49,0,1,20
"Gatech-ensemble_prob","17",0.478439085718729,128.393913043478,0.647058823529412,231,0,1,20
"Gatech-ensemble_prob","18",0.362824168313994,85.865652173913,0.533112582781457,161,0,1,20
"Gatech-ensemble_prob","19",0.579466357308585,13.4647826086957,0.088235294117647,3,1,1,20
"Gatech-ensemble_prob","20",0.253806414471192,14.5678260869565,0.243589743589744,19,1,1,20
"Gatech-ensemble_prob","21",0.572900556502888,37.6873913043478,0.705263157894737,67,1,1,20
"Gatech-ensemble_prob","22",1.99488115693013,24.23,2.05263157894737,39,1,1,20
"Gatech-ensemble_prob","23",0.490322386139808,21.2134782608696,NA,39,0,1,20
"Gatech-ensemble_prob","24",0.378825739261402,76.9882608695652,0.540650406504065,133,0,1,20
"Gatech-ensemble_prob","25",0.473674076894454,95.1969565217391,0.667924528301887,177,0,1,20
"Gatech-ensemble_prob","26",0.662190102376041,120.59,0.881889763779528,224,0,1,20
"Gatech-ensemble_prob","27",0.623531345000411,52.7930434782609,0.817391304347826,94,0,1,20
"Gatech-ensemble_prob","28",0.590922798552473,10.2234782608696,0.321428571428571,9,1,1,20
"Gatech-ensemble_prob","29",1.01653389055766,33.8417391304348,0.44,22,1,1,20
"Gatech-ensemble_prob","30",0.6076731405946,15.4808695652174,NA,28,0,1,20
"Gatech-ensemble_prob","31",0.452054091315762,26.8013043478261,0.675675675675676,50,0,1,20
"Gatech-ensemble_prob","32",0.803615532381998,10.185652173913,NA,9,1,1,20
"Gatech-ensemble_prob","33",4.4263939029282,9.59565217391304,5.66666666666667,17,1,1,20
"Gatech-ensemble_prob","34",0.462654202435081,90.074347826087,0.625468164794007,167,0,1,20
"Gatech-ensemble_prob","35",0.583679726726479,24.6647826086956,NA,46,0,1,20
"Gatech-ensemble_prob","36",0.419014822186141,83.4808695652174,0.447811447811448,133,1,1,20
"Gatech-ensemble_prob","37",0.45749436316921,91.0421739130435,0.607913669064748,169,0,1,20
"Gatech-ensemble_prob","38",0.498574457197164,5.9304347826087,0.555555555555556,10,1,1,20
"Gatech-ensemble_prob","39",0.461562905838051,320.176956521739,0.660912453760789,536,0,1,20
"Gatech-ensemble_prob","40",0.530971145973751,55.83,0.691275167785235,103,0,1,20
"Gatech-ensemble_prob","41",0.792600953097567,192.353913043478,0.833333333333333,240,0,0,20
"Gatech-ensemble_prob","42",0.344894739197174,154.155652173913,0.493150684931507,288,0,1,20
"Gatech-ensemble_prob","44",0.292744220049347,5.57130434782609,0.346153846153846,9,1,1,20
"Gatech-ensemble_prob","45",0.52775439187293,16.3530434782609,0.127659574468085,6,1,1,20
"Gatech-ensemble_prob","46",0.406109680577132,16.594347826087,0.568627450980392,29,0,1,20
"Gatech-ensemble_prob","47",2.46489902882688,69.5208695652174,2.79545454545455,123,0,1,20
"Gatech-ensemble_prob","48",0.578144296598415,158.760434782609,0.711864406779661,294,0,1,20
"Gatech-ensemble_prob","49",0.479440601960933,21.9408695652174,0.655172413793103,38,0,1,20
"Gatech-ensemble_prob","50",0.512352465642684,13.7778260869565,0.696969696969697,23,0,1,20
"Gatech-ensemble_prob","51",4.04505754908598,51.9526086956522,5.5,99,0,1,20
"Gatech-ensemble_prob","53",0.64638212658276,118.16652173913,0.807860262008734,185,0,0,20
"Gatech-ensemble_prob","54",0.402010548065402,37.0517391304348,0.584745762711865,69,0,1,20
"Gatech-ensemble_prob","55",0.437743421778347,44.8595652173913,0.574468085106383,81,1,1,20
"Gatech-ensemble_prob","56",0.770830243840434,31.6395652173913,NA,46,0,0,20
"Gatech-ensemble_prob","72",0.940709890264162,17.4804347826087,0.862068965517241,25,1,1,20
"ISU_NiemiLab-GPE","01",2.63118522504419,71.26622381711,2.66689790758731,112.009712118667,0,1,12
"ISU_NiemiLab-GPE","02",3.08875049247235,3.2499026920796,NA,5.64947646022,1,1,12
"ISU_NiemiLab-GPE","04",1.13293917281154,35.439322490043,0.137696054460847,6.33401850519897,1,1,12
"ISU_NiemiLab-GPE","05",1.32668224613773,111.388241385723,1.28696482849432,149.287920105341,0,0,12
"ISU_NiemiLab-GPE","06",0.149325426596273,66.2724421981843,0.176671855650142,112.00995648219,1,1,12
"ISU_NiemiLab-GPE","08",0.246028536779631,10.3361936747575,0.0943354712206351,5.94313468690001,1,1,12
"ISU_NiemiLab-GPE","09",0.48114532597677,29.3875197361812,NA,53.121150013598,0,1,12
"ISU_NiemiLab-GPE","10",0.761679981520083,6.12655637309632,NA,4.4084411562437,1,1,12
"ISU_NiemiLab-GPE","11",1.09475570029075,57.0872259435094,1.13252546001225,71.349103980772,0,0,12
"ISU_NiemiLab-GPE","12",4.29267506318069,245.690324050916,4.35234121942796,404.7677334068,0,1,12
"ISU_NiemiLab-GPE","13",2.61016314963555,110.861572939825,2.7182779625506,176.688067565789,0,1,12
"ISU_NiemiLab-GPE","15",0.766868298400167,10.5861167279154,0.861766349679453,16.3735606439096,0,1,12
"ISU_NiemiLab-GPE","16",0.694946010531274,29.6645258356258,0.781006928112417,46.860415686745,0,1,12
"ISU_NiemiLab-GPE","17",0.251404158162062,67.466819884371,0.350245789867003,125.03774698252,0,1,12
"ISU_NiemiLab-GPE","18",0.36461117201401,86.2885629156427,0.524680948330629,158.45364639585,0,1,12
"ISU_NiemiLab-GPE","19",0.558092875772498,12.9681372403415,0.0407946599254705,1.387018437466,1,1,12
"ISU_NiemiLab-GPE","20",0.184236313200463,10.5746837612374,0.0913557905466925,7.12575166264202,1,1,12
"ISU_NiemiLab-GPE","21",0.853585293698971,56.1518096118442,1.12703507600245,107.068332220233,0,1,12
"ISU_NiemiLab-GPE","22",1.09568524772055,13.3082882957919,1.22648866376895,23.30328461161,1,1,12
"ISU_NiemiLab-GPE","23",0.80304202994503,34.7430897025087,NA,51.119322785265,0,0,12
"ISU_NiemiLab-GPE","24",0.43982375069462,89.3848071705146,0.561171000472415,138.048066116214,0,0,12
"ISU_NiemiLab-GPE","25",0.382094708285504,76.7917331898802,0.48763569011151,129.22345787955,0,1,12
"ISU_NiemiLab-GPE","26",0.247084959454805,44.9961048250983,0.197273737799331,50.10752940103,1,1,12
"ISU_NiemiLab-GPE","27",0.497931814659534,42.1588042867561,0.651349801515226,74.905227174251,0,1,12
"ISU_NiemiLab-GPE","28",0.708671931186045,12.2606406459805,0.814263618648857,22.799381322168,0,1,12
"ISU_NiemiLab-GPE","29",0.735616413488194,24.4896299046918,0.0830034213429804,4.15017106714902,1,1,12
"ISU_NiemiLab-GPE","30",0.251420256053934,6.40509499270617,NA,2.819491011048,1,1,12
"ISU_NiemiLab-GPE","31",0.567294357690321,33.6336492188555,0.700810470558581,51.859974821335,0,1,12
"ISU_NiemiLab-GPE","32",0.736853805300951,9.33946179657971,NA,17.247244248396,0,1,12
"ISU_NiemiLab-GPE","33",9.16221697624951,19.8620929754696,11.48217220095,34.44651660285,1,1,12
"ISU_NiemiLab-GPE","34",0.389012204022633,75.7369551369074,0.521912341324981,139.35059513377,0,1,12
"ISU_NiemiLab-GPE","35",0.562257636014642,23.7595409389283,NA,42.634878256001,0,1,12
"ISU_NiemiLab-GPE","36",0.262601446482485,52.3184287063313,0.0706551149528285,20.9845691409901,1,1,12
"ISU_NiemiLab-GPE","37",0.129311475120783,25.7332084385579,0.0530531293048452,14.748769946747,1,1,12
"ISU_NiemiLab-GPE","38",0.432004098557099,5.13859483840222,0.440275345031339,7.9249562105641,1,1,12
"ISU_NiemiLab-GPE","39",0.689934589059967,478.593825739118,0.870742576116609,706.17222923057,0,0,12
"ISU_NiemiLab-GPE","40",0.285472801690017,30.0165962674393,0.215861897062698,32.163422662342,1,1,12
"ISU_NiemiLab-GPE","41",0.785881772736935,190.723255611436,0.852696109692493,245.576479591438,0,0,12
"ISU_NiemiLab-GPE","42",0.490143987989269,219.076887932501,0.653101548244281,381.41130417466,0,1,12
"ISU_NiemiLab-GPE","44",0.361736412516706,6.8843157602962,0.494151196902346,12.847931119461,0,1,12
"ISU_NiemiLab-GPE","45",1.78486144333689,55.3058718885798,2.15191228058419,101.139877187457,0,1,12
"ISU_NiemiLab-GPE","46",0.82966952157952,33.901739555255,0.990610317934149,50.5211262146416,0,0,12
"ISU_NiemiLab-GPE","47",1.55349840334929,43.815409315334,1.91482308897255,84.252215914792,0,1,12
"ISU_NiemiLab-GPE","48",0.246296867352555,67.6339764597677,0.0467077372348667,19.290295478,1,1,12
"ISU_NiemiLab-GPE","49",0.59771442651282,27.3534911639276,0.801567954961035,46.49094138774,0,1,12
"ISU_NiemiLab-GPE","50",0.721733068263232,19.4083435965569,0.813232493257212,26.836672277488,0,0,12
"ISU_NiemiLab-GPE","51",2.94775029103872,37.8593667814278,3.60217394547767,64.839131018598,1,1,12
"ISU_NiemiLab-GPE","53",0.970974309177965,177.505924274539,0.936693868020445,214.502895776682,0,0,12
"ISU_NiemiLab-GPE","54",0.34497692996767,31.7951737253942,0.462699292612255,54.598516528246,1,1,12
"ISU_NiemiLab-GPE","55",0.196946077738801,20.1828627892134,0.0620904332822413,8.75475109279603,1,1,12
"ISU_NiemiLab-GPE","56",0.577788193825017,23.7159444461933,NA,37.9937023426407,0,0,12
"ISU_NiemiLab-GPE","72",1.99944682219277,37.1540685798683,2.08599810643693,60.493945086671,1,1,12
"JHUAPL-DMD","01",1.63795519197701,44.364372451913,1.33427680952381,56.039626,1,1,20
"JHUAPL-DMD","02",4.27288866223141,4.49582198373913,NA,5.76095242,1,1,20
"JHUAPL-DMD","04",1.52779500222667,47.7907561870435,0.258029339130434,11.8693496,1,1,20
"JHUAPL-DMD","05",1.55155470033163,130.268532639843,2.12742626232759,246.78144643,0,1,20
"JHUAPL-DMD","06",0.769006527475391,341.294458712174,0.868620835962145,550.70561,0,1,20
"JHUAPL-DMD","08",0.62022097118951,26.0568313061304,0.707195095238095,44.553291,1,1,20
"JHUAPL-DMD","09",0.320839123891871,19.5962957062304,NA,13.4632966,1,1,20
"JHUAPL-DMD","10",1.88725024371946,15.1800563081783,NA,28.15570078,0,1,20
"JHUAPL-DMD","11",0.641220591103588,33.437144702,1.07071172730159,67.45483882,1,1,20
"JHUAPL-DMD","12",3.91331238517928,223.977583645652,4.2315346344086,393.532721,1,1,20
"JHUAPL-DMD","13",1.98940798994452,84.4962120529131,1.34573875076923,87.4730188,1,1,20
"JHUAPL-DMD","15",0.333511407403779,4.60390747176957,0.417425372631579,7.93108208,1,1,20
"JHUAPL-DMD","16",0.844372828636049,36.0429719868826,1.06527878666667,63.9167272,0,1,20
"JHUAPL-DMD","17",0.351020911309273,94.1999717589565,0.363651025210084,129.823416,1,1,20
"JHUAPL-DMD","18",0.221108136170901,52.3272592382609,0.115777390728477,34.964772,1,1,20
"JHUAPL-DMD","19",1.51635105240251,35.2347241933043,1.83107576764706,62.2565761,1,1,20
"JHUAPL-DMD","20",0.299509066964261,17.1910391157478,0.358825170512821,27.9883633,1,1,20
"JHUAPL-DMD","21",2.54455281936901,167.389535076596,2.98885896526316,283.9416017,0,1,20
"JHUAPL-DMD","22",2.71885148641395,33.0234065758522,1.84509046842105,35.0567189,1,1,20
"JHUAPL-DMD","23",0.208689547898661,9.02881718795652,NA,7.1893341,1,1,20
"JHUAPL-DMD","24",0.127294272927693,25.869849051087,0.148374032520325,36.500012,1,1,20
"JHUAPL-DMD","25",0.236889158902874,47.6089532034348,0.144363584905661,38.2563500000001,1,1,20
"JHUAPL-DMD","26",0.582991094302945,106.167240811565,0.761429862204724,193.403185,0,1,20
"JHUAPL-DMD","27",0.946254551884603,80.1173158329565,1.12157652347826,128.9813002,0,1,20
"JHUAPL-DMD","28",1.94288796937575,33.613651338,1.27471386071429,35.6919881,1,1,20
"JHUAPL-DMD","29",1.7594049113504,58.5728843748261,0.868912408000001,43.4456204000001,1,1,20
"JHUAPL-DMD","30",0.770829950372052,19.637395700913,NA,35.6224613,0,1,20
"JHUAPL-DMD","31",0.358138214519441,21.2332361775217,0.512768381081081,37.9448602,0,1,20
"JHUAPL-DMD","32",1.19377913764476,15.1308910524435,NA,0.634601020000005,1,1,20
"JHUAPL-DMD","33",8.99008731070799,19.4889457961696,11.6706313666667,35.0118941,0,1,20
"JHUAPL-DMD","34",0.404939903095661,78.8379257945217,0.340231599250936,90.8418369999999,1,1,20
"JHUAPL-DMD","35",0.504892943217713,21.3354586683548,NA,35.6886035,1,1,20
"JHUAPL-DMD","36",0.571497931308158,113.860278286609,0.112407138047138,33.38492,1,1,20
"JHUAPL-DMD","37",0.494850862087725,98.4761821656522,0.0149926805755397,4.16796520000003,1,1,20
"JHUAPL-DMD","38",0.537484092862051,6.39325644022609,0.143153383888889,2.57676091,1,1,20
"JHUAPL-DMD","39",0.116683921292489,80.9413025221739,0.186881207151665,151.560659,0,1,20
"JHUAPL-DMD","40",0.929456444204798,97.7295163276522,1.06870354966443,159.2368289,1,1,20
"JHUAPL-DMD","41",0.673695709042603,163.497161249304,0.845577023958333,243.5261829,0,0,20
"JHUAPL-DMD","42",0.20973436166001,93.7437821760869,0.236493227739726,138.112045,1,1,20
"JHUAPL-DMD","44",0.348517622547976,6.6327449452913,0.312937832692308,8.13638365,1,1,20
"JHUAPL-DMD","45",2.2742116800442,70.468920875387,0.78277359787234,36.7903591,1,1,20
"JHUAPL-DMD","46",0.185265793121874,7.57028250833913,0.027280831372549,1.3913224,1,1,20
"JHUAPL-DMD","47",2.55202062275012,71.9780773033913,2.74877911363636,120.946281,1,1,20
"JHUAPL-DMD","48",1.2437652593352,341.542266353478,1.28666378208232,531.392142,1,1,20
"JHUAPL-DMD","49",0.455005075021091,20.822614859313,0.596446660344827,34.5939063,0,1,20
"JHUAPL-DMD","50",0.235023303584964,6.32008318553478,0.20008971060606,6.60296045,1,1,20
"JHUAPL-DMD","51",11.6261655229536,149.320404151326,14.0549219166667,252.9885945,0,1,20
"JHUAPL-DMD","53",0.44320765759487,81.0237553798261,0.639129249344978,146.3605981,0,1,20
"JHUAPL-DMD","54",0.199106187381948,18.3508381798261,0.0496016364406779,5.85299309999999,1,1,20
"JHUAPL-DMD","55",0.289869794705179,29.7056045006956,0.132418473758865,18.6710048,1,1,20
"JHUAPL-DMD","56",1.05003201020698,43.099705198087,NA,63.0710422,0,0,20
"JHUAPL-DMD","72",4.76576732366808,88.5583172375,4.55212605241379,132.01165552,0,0,20
"JHU_CSSE-CSSE_Ensemble","01",1.68455646858011,45.6265781594203,1.87301587301587,78.6666666666667,0,1,20
"JHU_CSSE-CSSE_Ensemble","02",4.7592258953168,5.00753333333333,NA,2.33333333333334,1,1,20
"JHU_CSSE-CSSE_Ensemble","04",2.07116067652591,64.7877069710145,1.89855072463768,87.3333333333334,1,1,20
"JHU_CSSE-CSSE_Ensemble","05",0.87118705137367,73.1448648333333,0.979885057471264,113.666666666667,0,1,20
"JHU_CSSE-CSSE_Ensemble","06",1.29191991151107,573.369784449275,1.82465825446898,1156.83333333333,0,1,20
"JHU_CSSE-CSSE_Ensemble","08",0.926504294131446,38.9244595362319,0.661375661375662,41.6666666666667,1,1,20
"JHU_CSSE-CSSE_Ensemble","09",0.448335667236143,27.3835628405797,NA,25.6666666666667,1,1,20
"JHU_CSSE-CSSE_Ensemble","10",1.08281618108108,8.70960841304348,NA,0.666666666666671,1,1,20
"JHU_CSSE-CSSE_Ensemble","11",0.894571243552116,46.6483898550725,0.957671957671958,60.3333333333333,0,0,20
"JHU_CSSE-CSSE_Ensemble","12",2.14075041362808,122.525384543478,1.01792114695341,94.6666666666667,1,1,20
"JHU_CSSE-CSSE_Ensemble","13",0.878930073635793,37.3308352318841,0.743589743589743,48.3333333333333,1,1,20
"JHU_CSSE-CSSE_Ensemble","15",0.541456167979003,7.47444927536232,0.614035087719298,11.6666666666667,1,1,20
"JHU_CSSE-CSSE_Ensemble","16",0.611784406554082,26.1146823768116,0.883333333333333,53,1,1,20
"JHU_CSSE-CSSE_Ensemble","17",0.419113895945528,112.473405115942,0.3468720821662,123.833333333333,1,1,20
"JHU_CSSE-CSSE_Ensemble","18",0.417789567793953,98.8737158188406,0.294150110375276,88.8333333333333,1,1,20
"JHU_CSSE-CSSE_Ensemble","19",1.10631516291196,25.7069163333333,0.485294117647059,16.5,1,1,20
"JHU_CSSE-CSSE_Ensemble","20",0.535967039859409,30.7631099130435,0.534188034188034,41.6666666666667,1,1,20
"JHU_CSSE-CSSE_Ensemble","21",0.951389806369601,62.5857306449275,0.863157894736842,82,1,1,20
"JHU_CSSE-CSSE_Ensemble","22",3.01221657180699,36.5866444130435,2.92982456140351,55.6666666666667,1,1,20
"JHU_CSSE-CSSE_Ensemble","23",0.572479319753186,24.7679444130435,NA,37.3333333333333,1,1,20
"JHU_CSSE-CSSE_Ensemble","24",0.30326663892609,61.6324834637681,0.449186991869919,110.5,1,1,20
"JHU_CSSE-CSSE_Ensemble","25",0.439772585510394,88.3835821811594,0.4,106,1,1,20
"JHU_CSSE-CSSE_Ensemble","26",0.871310799422862,158.672515528986,1.15419947506562,293.166666666667,1,1,20
"JHU_CSSE-CSSE_Ensemble","27",0.451874183338811,38.2592047681159,0.559420289855072,64.3333333333333,1,1,20
"JHU_CSSE-CSSE_Ensemble","28",0.926924200844391,16.0365946956522,0.565476190476191,15.8333333333333,1,1,20
"JHU_CSSE-CSSE_Ensemble","29",2.05835432871882,68.5253004130435,0.273333333333333,13.6666666666666,1,1,20
"JHU_CSSE-CSSE_Ensemble","30",0.631839518835831,16.0965238115942,NA,12.5,1,1,20
"JHU_CSSE-CSSE_Ensemble","31",0.404637566673022,23.9900816811594,0.495495495495495,36.6666666666667,1,1,20
"JHU_CSSE-CSSE_Ensemble","32",0.724349844493231,9.1809768115942,NA,3.33333333333333,1,1,20
"JHU_CSSE-CSSE_Ensemble","33",7.00496234790748,15.185540115942,6,18,1,1,20
"JHU_CSSE-CSSE_Ensemble","34",0.423106136981488,82.374717768116,0.15230961298377,40.6666666666666,1,1,20
"JHU_CSSE-CSSE_Ensemble","35",0.616694435756029,26.0598980869565,NA,46.6666666666667,1,1,20
"JHU_CSSE-CSSE_Ensemble","36",0.580434882730436,115.640798775362,0.130751964085297,38.8333333333333,1,1,20
"JHU_CSSE-CSSE_Ensemble","37",0.448991751474024,89.3501393985508,0.386690647482014,107.5,1,1,20
"JHU_CSSE-CSSE_Ensemble","38",0.605776474888516,7.20557947826087,0.685185185185185,12.3333333333333,1,1,20
"JHU_CSSE-CSSE_Ensemble","39",0.54561398364363,378.481508173913,0.833538840937115,676,1,1,20
"JHU_CSSE-CSSE_Ensemble","40",0.438107093729411,46.0656275362319,0.58165548098434,86.6666666666667,1,1,20
"JHU_CSSE-CSSE_Ensemble","41",0.4852726530271,117.769343246377,0.795138888888889,229,0,1,20
"JHU_CSSE-CSSE_Ensemble","42",0.594409774893695,265.679977376812,0.271974885844749,158.833333333333,1,1,20
"JHU_CSSE-CSSE_Ensemble","44",0.73882031435621,14.0607142608696,1,26,1,1,20
"JHU_CSSE-CSSE_Ensemble","45",1.20321253765131,37.2828483188406,0.521276595744681,24.5,1,1,20
"JHU_CSSE-CSSE_Ensemble","46",0.439100469238791,17.942408826087,0.751633986928104,38.3333333333333,0,1,20
"JHU_CSSE-CSSE_Ensemble","47",2.00951991906891,56.6771987608696,2.06818181818182,91,1,1,20
"JHU_CSSE-CSSE_Ensemble","48",1.05519820711181,289.761097927536,1.44511702986279,596.833333333333,1,1,20
"JHU_CSSE-CSSE_Ensemble","49",0.400186998207545,18.3139489927536,0.591954022988506,34.3333333333333,1,1,20
"JHU_CSSE-CSSE_Ensemble","50",0.379549285906764,10.2065753623188,0.616161616161616,20.3333333333333,1,1,20
"JHU_CSSE-CSSE_Ensemble","51",4.39665053881742,56.468285615942,3,54,1,1,20
"JHU_CSSE-CSSE_Ensemble","53",0.631842690248327,115.508535775362,1.07278020378457,245.666666666667,0,1,20
"JHU_CSSE-CSSE_Ensemble","54",0.547140796702865,50.4278262463768,0.0974576271186441,11.5,1,1,12
"JHU_CSSE-CSSE_Ensemble","55",0.573403213591739,58.7618627173913,0.25886524822695,36.5,1,1,20
"JHU_CSSE-CSSE_Ensemble","56",0.431272441723337,17.7020461449275,NA,36.3333333333333,1,1,20
"LUcompUncertLab-chimera","01",2.18779696930782,59.2569565217391,2.59523809523809,109,0,1,20
"LUcompUncertLab-chimera","02",7.63760330578512,8.03608695652174,NA,9,1,1,20
"LUcompUncertLab-chimera","04",4.94911461373808,154.812608695652,6.32608695652174,291,0,1,20
"LUcompUncertLab-chimera","05",0.496872216583466,41.7173913043478,0.28448275862069,33,1,1,20
"LUcompUncertLab-chimera","06",0.348463117966081,154.652173913043,0.168769716088328,107,1,1,20
"LUcompUncertLab-chimera","08",2.00113838638904,84.0721739130435,2.71428571428571,171,0,1,20
"LUcompUncertLab-chimera","09",0.606114749430524,37.0204347826087,NA,72,0,1,20
"LUcompUncertLab-chimera","10",1.64751351351351,13.2517391304348,NA,24,1,1,20
"LUcompUncertLab-chimera","13",1.12222586192777,47.664347826087,0.569230769230769,37,1,1,20
"LUcompUncertLab-chimera","15",0.507244094488189,7.00217391304348,0.105263157894737,2,1,1,20
"LUcompUncertLab-chimera","16",0.701358756544236,29.9382608695652,0.983333333333333,59,0,1,20
"LUcompUncertLab-chimera","17",0.606485771870362,162.75652173913,0.834733893557423,298,1,1,20
"LUcompUncertLab-chimera","18",0.772551238618743,182.831304347826,1.13576158940397,343,1,1,20
"LUcompUncertLab-chimera","19",2.77170496220343,64.4047826086956,2.76470588235294,94,1,1,20
"LUcompUncertLab-chimera","20",0.660982926053297,37.9386956521739,0.807692307692308,63,1,1,20
"LUcompUncertLab-chimera","21",2.70611095689416,178.017391304348,3.54736842105263,337,0,1,20
"LUcompUncertLab-chimera","23",1.49216143425654,64.5573913043478,NA,99,0,1,20
"LUcompUncertLab-chimera","24",0.346735098175968,70.4665217391304,0.203252032520325,50,1,1,20
"LUcompUncertLab-chimera","25",1.1393160322254,228.974782608696,1.6377358490566,434,0,1,20
"LUcompUncertLab-chimera","26",1.05577440980976,192.264782608696,1.50393700787402,382,0,1,20
"LUcompUncertLab-chimera","27",1.43114267521157,121.171739130435,1.59130434782609,183,0,1,20
"LUcompUncertLab-chimera","28",3.78628870124648,65.5060869565217,4.42857142857143,124,0,1,20
"LUcompUncertLab-chimera","29",3.24440381350398,108.010434782609,3.96,198,1,1,20
"LUcompUncertLab-chimera","30",0.794176878178653,20.2321739130435,NA,27,1,1,20
"LUcompUncertLab-chimera","31",0.53632243586923,31.7973913043478,0.837837837837838,62,0,1,20
"LUcompUncertLab-chimera","32",0.822962403951701,10.4308695652174,NA,19,1,1,20
"LUcompUncertLab-chimera","33",22.4991977537104,48.774347826087,29.6666666666667,89,0,1,20
"LUcompUncertLab-chimera","34",0.833061627377241,162.189130434783,1.08614232209738,290,0,1,20
"LUcompUncertLab-chimera","35",0.424222158202321,17.9265217391304,NA,20,1,1,20
"LUcompUncertLab-chimera","37",1.23100956076416,244.973043478261,1.23021582733813,342,1,1,20
"LUcompUncertLab-chimera","38",0.92371518385847,10.9873913043478,1,18,0,1,20
"LUcompUncertLab-chimera","39",0.406899810964083,282.258260869565,0.351418002466091,285,1,1,20
"LUcompUncertLab-chimera","40",0.552795673136562,58.1247826086956,0.630872483221476,94,0,1,20
"LUcompUncertLab-chimera","41",0.136017055430148,33.0095652173913,0.0763888888888889,22,1,1,20
"LUcompUncertLab-chimera","42",0.757046082850689,338.372608695652,0.559931506849315,327,1,1,20
"LUcompUncertLab-chimera","44",0.644407383715617,12.2639130434783,0.269230769230769,7,1,1,20
"LUcompUncertLab-chimera","45",1.98264298142224,61.434347826087,0.0638297872340425,3,1,1,20
"LUcompUncertLab-chimera","46",0.893309357110937,36.5021739130435,1.11764705882353,57,0,1,20
"LUcompUncertLab-chimera","47",3.02998304300909,85.4586956521739,2.63636363636364,116,1,1,20
"LUcompUncertLab-chimera","48",0.67526932113973,185.431304347826,0.365617433414044,151,1,1,20
"LUcompUncertLab-chimera","49",0.363627726685415,16.6408695652174,0.431034482758621,25,1,1,20
"LUcompUncertLab-chimera","50",1.35818916734034,36.5234782608696,1.48484848484848,49,0,1,20
"LUcompUncertLab-chimera","51",6.13388625592417,78.7804347826087,5.72222222222222,103,1,1,20
"LUcompUncertLab-chimera","53",0.251786105006802,46.0295652173913,0.366812227074236,84,0,1,20
"LUcompUncertLab-chimera","54",0.908718664792294,83.7530434782609,1.3135593220339,155,0,1,20
"LUcompUncertLab-chimera","55",0.997976258156486,102.271739130435,1.31205673758865,185,1,1,20
"LUcompUncertLab-chimera","56",0.317162044785289,13.0182608695652,NA,22,1,1,20
"LosAlamos_NAU-CModel_Flu","01",0.84631437010402,22.9226086956522,0.226190476190476,9.5,1,1,16
"LosAlamos_NAU-CModel_Flu","02",14.7280991735537,15.4965217391304,NA,27,0,1,16
"LosAlamos_NAU-CModel_Flu","04",2.30427855613933,72.0798369565217,2.76086956521739,127,1,1,16
"LosAlamos_NAU-CModel_Flu","05",0.721757384468795,60.59875,0.879310344827586,102,1,1,16
"LosAlamos_NAU-CModel_Flu","06",1.67779778558889,744.627082608696,1.77760252365931,1127,0,0,16
"LosAlamos_NAU-CModel_Flu","08",0.847063170095625,35.5869652173913,0.793650793650793,50,1,1,16
"LosAlamos_NAU-CModel_Flu","09",1.18405466970387,72.32,NA,127,0,1,16
"LosAlamos_NAU-CModel_Flu","10",1.08945945945946,8.76304347826087,NA,3,1,1,16
"LosAlamos_NAU-CModel_Flu","11",1.66209511739594,86.6717565217391,2.31746031746032,146,0,1,16
"LosAlamos_NAU-CModel_Flu","12",7.99073480704953,457.347969565217,8.60215053763441,800,0,1,16
"LosAlamos_NAU-CModel_Flu","13",2.54281017115715,108.000886956522,2.96923076923077,193,0,1,16
"LosAlamos_NAU-CModel_Flu","15",4.46445732283464,61.6289217391304,4.94736842105263,94,0,1,16
"LosAlamos_NAU-CModel_Flu","16",0.257950049909348,11.0108782608696,0.216666666666667,13,1,1,16
"LosAlamos_NAU-CModel_Flu","17",0.630309253630749,169.149791304348,0.840336134453782,300,1,1,16
"LosAlamos_NAU-CModel_Flu","18",0.399099355888859,94.4505065217391,0.188741721854305,57,1,1,16
"LosAlamos_NAU-CModel_Flu","19",1.05398173789387,24.4908695652174,0.911764705882353,31,1,1,16
"LosAlamos_NAU-CModel_Flu","20",0.431370915205963,24.7595652173913,0.217948717948718,17,1,1,16
"LosAlamos_NAU-CModel_Flu","21",0.993559767881455,65.3598173913043,0.368421052631579,35,1,1,16
"LosAlamos_NAU-CModel_Flu","22",3.03581471935853,36.8732695652174,3.73684210526316,71,0,1,16
"LosAlamos_NAU-CModel_Flu","23",3.52736714636009,152.609239130435,NA,256,0,1,16
"LosAlamos_NAU-CModel_Flu","24",0.875838410785878,177.995497826087,1.20325203252033,296,0,1,16
"LosAlamos_NAU-CModel_Flu","25",0.585794829137858,117.730497826087,0.766037735849057,203,1,1,16
"LosAlamos_NAU-CModel_Flu","26",0.489424958457483,89.1281152173913,0.240157480314961,61,1,1,16
"LosAlamos_NAU-CModel_Flu","27",0.652617518075754,55.2557065217391,0.486956521739131,56,1,1,16
"LosAlamos_NAU-CModel_Flu","28",5.08685577503016,88.0070282608696,5.32142857142857,149,0,1,16
"LosAlamos_NAU-CModel_Flu","29",2.40279508946062,79.9921826086956,0.56,28,1,1,16
"LosAlamos_NAU-CModel_Flu","30",0.707018124722668,18.011747826087,NA,29,1,1,16
"LosAlamos_NAU-CModel_Flu","31",0.347017497543304,20.5739130434783,0.351351351351351,26,1,1,16
"LosAlamos_NAU-CModel_Flu","32",0.458905049396268,5.81652173913043,NA,3,1,1,16
"LosAlamos_NAU-CModel_Flu","33",5.19033293221019,11.2517391304348,1,3,1,1,16
"LosAlamos_NAU-CModel_Flu","34",1.23758646949003,240.946247826087,1.58052434456929,422,0,1,16
"LosAlamos_NAU-CModel_Flu","35",0.245020372047082,10.3539217391304,0,0,1,1,16
"LosAlamos_NAU-CModel_Flu","36",1.42500336074303,283.90527826087,1.73737373737374,516,0,1,16
"LosAlamos_NAU-CModel_Flu","37",1.00988390968836,200.968654347826,0.0215827338129496,6,1,1,16
"LosAlamos_NAU-CModel_Flu","38",1.84275239418086,21.9191391304348,2,36,0,1,16
"LosAlamos_NAU-CModel_Flu","39",0.885946627438789,614.563456521739,1.52404438964242,1236,0,1,16
"LosAlamos_NAU-CModel_Flu","40",1.41634292377542,148.924147826087,1.74496644295302,260,0,1,16
"LosAlamos_NAU-CModel_Flu","41",0.308927451718084,74.9726630434783,0.444444444444444,128,0,1,16
"LosAlamos_NAU-CModel_Flu","42",2.16175705581031,966.228332608696,2.95719178082192,1727,0,1,16
"LosAlamos_NAU-CModel_Flu","44",0.786941423741204,14.9765217391304,1.03846153846154,27,0,1,16
"LosAlamos_NAU-CModel_Flu","45",8.67908598529494,268.930913043478,9.82978723404255,462,0,1,16
"LosAlamos_NAU-CModel_Flu","46",1.40738673362984,57.5082695652174,1.68627450980392,86,0,0,16
"LosAlamos_NAU-CModel_Flu","47",2.19141482965932,61.8074260869565,1.11363636363636,49,1,1,16
"LosAlamos_NAU-CModel_Flu","48",1.38555391331058,380.477923913043,1.47941888619855,611,1,1,16
"LosAlamos_NAU-CModel_Flu","49",0.185965645663905,8.51043478260869,0.0172413793103448,1,1,1,16
"LosAlamos_NAU-CModel_Flu","50",0.991867421180275,26.6726086956522,1.3030303030303,43,0,1,16
"LosAlamos_NAU-CModel_Flu","51",8.87909749492214,114.038495652174,11.2777777777778,203,0,1,16
"LosAlamos_NAU-CModel_Flu","53",0.208032478095836,38.0308695652174,0.0829694323144105,19,1,1,16
"LosAlamos_NAU-CModel_Flu","54",0.982072369352115,90.5137673913043,1.49152542372881,176,0,1,16
"LosAlamos_NAU-CModel_Flu","55",1.06179340862615,108.811665217391,1.36170212765957,192,0,1,16
"LosAlamos_NAU-CModel_Flu","56",2.2266487299536,91.3952173913044,NA,147,0,1,16
"LosAlamos_NAU-CModel_Flu","72",1.71190587051639,31.8109326086956,0.551724137931035,16,1,1,16
"MOBS-GLEAM_FLUH","01",3.33031777321176,90.2023808695652,3.08595238095238,129.61,0,0,20
"MOBS-GLEAM_FLUH","02",7.08600619834711,7.45571086956522,NA,13.41,0,1,20
"MOBS-GLEAM_FLUH","05",1.40739758580691,118.165101304348,1.24887068965517,144.869,0,0,20
"MOBS-GLEAM_FLUH","06",0.251111352432678,111.446275217391,0.31265141955836,198.221,1,1,20
"MOBS-GLEAM_FLUH","08",1.09803972968498,46.1310360869565,1.40049206349206,88.231,0,1,20
"MOBS-GLEAM_FLUH","09",0.196870422835991,12.0245030434783,NA,18.079,1,1,20
"MOBS-GLEAM_FLUH","10",1.08795372972973,8.75093217391304,NA,16.766,0,1,20
"MOBS-GLEAM_FLUH","11",1.43356748599253,74.7549347826087,1.27442857142857,80.289,0,0,8
"MOBS-GLEAM_FLUH","12",4.497869325433,257.434573043478,4.01501075268817,373.396,0,0,20
"MOBS-GLEAM_FLUH","13",2.47659536483498,105.188542608696,2.22510769230769,144.632,0,0,20
"MOBS-GLEAM_FLUH","15",0.456480881889764,6.30142086956522,0.603157894736842,11.46,0,1,20
"MOBS-GLEAM_FLUH","16",0.140357137036811,5.99129695652174,0.0315166666666667,1.89100000000001,1,1,20
"MOBS-GLEAM_FLUH","17",0.417654724024186,112.08182173913,0.62203081232493,222.065,0,1,20
"MOBS-GLEAM_FLUH","18",0.851642883913021,201.549064347826,1.04354966887417,315.152,0,0,20
"MOBS-GLEAM_FLUH","19",0.589558004640371,13.6992773913043,0.683499999999999,23.239,1,1,20
"MOBS-GLEAM_FLUH","20",0.153074916296756,8.78610086956522,0.0853333333333334,6.65600000000001,1,1,20
"MOBS-GLEAM_FLUH","21",0.87834585134367,57.7806452173913,1.10373684210526,104.855,0,1,20
"MOBS-GLEAM_FLUH","22",7.78777967497136,94.5910491304348,7.26815789473684,138.095,0,0,12
"MOBS-GLEAM_FLUH","23",0.583992905093058,25.266072173913,NA,43.478,0,1,16
"MOBS-GLEAM_FLUH","24",0.27739368584546,56.3743569565217,0.389231707317073,95.751,0,1,20
"MOBS-GLEAM_FLUH","25",0.386584029214008,77.6939773913044,0.51842641509434,137.383,0,1,20
"MOBS-GLEAM_FLUH","26",0.981352044178318,178.711887391304,1.22897244094488,312.159,0,1,16
"MOBS-GLEAM_FLUH","27",0.187403227959905,15.8670239130435,0.205113043478261,23.588,1,1,16
"MOBS-GLEAM_FLUH","28",0.413665837354242,7.15677869565218,0.16175,4.529,1,1,20
"MOBS-GLEAM_FLUH","29",6.09594202690349,202.941861304348,6.07498,303.749,0,0,20
"MOBS-GLEAM_FLUH","30",0.568913148103901,14.4934334782609,NA,26.508,0,1,20
"MOBS-GLEAM_FLUH","31",0.158794906205541,9.41460478260869,0.216459459459459,16.018,1,1,20
"MOBS-GLEAM_FLUH","32",0.480375102908891,6.08865,NA,9.062,1,1,20
"MOBS-GLEAM_FLUH","33",13.4233824709186,29.0995586956522,14.4083333333333,43.225,0,0,20
"MOBS-GLEAM_FLUH","34",0.720043384369389,140.185559565217,0.920576779026217,245.794,0,1,20
"MOBS-GLEAM_FLUH","35",0.203375689357149,8.59412608695652,NA,0.727000000000004,1,1,20
"MOBS-GLEAM_FLUH","36",1.22091334738735,243.244158695652,1.43478114478115,426.13,0,1,20
"MOBS-GLEAM_FLUH","37",0.321535527327705,63.9861291304348,0.440179856115108,122.37,1,1,20
"MOBS-GLEAM_FLUH","38",0.34565114408948,4.1114452173913,0.409611111111111,7.373,1,1,20
"MOBS-GLEAM_FLUH","39",0.0961473295542864,66.6954795652174,0.160982737361282,130.557,1,1,20
"MOBS-GLEAM_FLUH","40",0.124689139010412,13.1106834782609,0.0098389261744967,1.46600000000001,1,1,20
"MOBS-GLEAM_FLUH","41",0.367069694363825,89.0830269565217,0.440732638888889,126.931,0,0,20
"MOBS-GLEAM_FLUH","42",1.98417423527604,886.855143043478,1.8391404109589,1074.058,0,0,4
"MOBS-GLEAM_FLUH","44",0.169277551859636,3.22157260869565,0.0175769230769228,0.456999999999994,1,1,20
"MOBS-GLEAM_FLUH","45",1.87209641073132,58.008942173913,2.27757446808511,107.046,0,1,20
"MOBS-GLEAM_FLUH","46",0.709106009661425,28.9753047826087,0.757960784313726,38.656,0,0,20
"MOBS-GLEAM_FLUH","47",3.98798088484662,112.4784,4.06493181818182,178.857,0,0,20
"MOBS-GLEAM_FLUH","48",0.266091018195406,73.0695191304348,0.19189588377724,79.2529999999999,1,1,20
"MOBS-GLEAM_FLUH","49",0.156049764383978,7.14138,0.0513620689655172,2.979,1,1,20
"MOBS-GLEAM_FLUH","50",0.460434341147939,12.38168,0.607424242424242,20.045,0,1,20
"MOBS-GLEAM_FLUH","51",9.07988182125931,116.617264782609,10.8982777777778,196.169,0,1,20
"MOBS-GLEAM_FLUH","53",0.0816778898750916,14.9317126086957,0.0708864628820961,16.233,1,1,20
"MOBS-GLEAM_FLUH","55",0.551267689709888,56.4934334782609,0.791801418439716,111.644,0,1,20
"MOBS-GLEAM_FLUH","56",0.116897686587717,4.79819260869565,NA,8.421,1,1,20
"NEU_ISI-AdaptiveEnsemble","01",4.20306279696931,113.840869565217,2.97619047619048,125,0,0,20
"NEU_ISI-AdaptiveEnsemble","02",7.74504132231405,8.14913043478261,NA,12,0,0,20
"NEU_ISI-AdaptiveEnsemble","04",1.46957440302449,45.9695652173913,1.67391304347826,77,0,1,16
"NEU_ISI-AdaptiveEnsemble","05",1.59035876297202,133.52652173913,1.25,145,0,0,20
"NEU_ISI-AdaptiveEnsemble","06",0.222280674942788,98.6508695652174,0.255520504731861,162,0,1,20
"NEU_ISI-AdaptiveEnsemble","08",1.38486774019953,58.1813043478261,1.82539682539682,115,0,1,20
"NEU_ISI-AdaptiveEnsemble","09",0.42443764236902,25.9239130434783,NA,49,0,1,20
"NEU_ISI-AdaptiveEnsemble","10",0.479783783783784,3.85913043478261,NA,8,1,1,20
"NEU_ISI-AdaptiveEnsemble","11",1.48470851120598,77.4217391304348,1.33333333333333,84,0,0,4
"NEU_ISI-AdaptiveEnsemble","12",4.58043147979338,262.16,4.03225806451613,375,0,0,20
"NEU_ISI-AdaptiveEnsemble","13",2.64089755138809,112.166956521739,2.13846153846154,139,0,0,20
"NEU_ISI-AdaptiveEnsemble","15",0.497007874015748,6.86086956521739,0.578947368421053,11,0,0,20
"NEU_ISI-AdaptiveEnsemble","16",0.281977632463485,12.0365217391304,0.366666666666667,22,0,1,20
"NEU_ISI-AdaptiveEnsemble","17",0.472771812037043,126.873043478261,0.677871148459384,242,0,1,20
"NEU_ISI-AdaptiveEnsemble","18",0.227886007392764,53.9313043478261,0.198675496688742,60,1,1,20
"NEU_ISI-AdaptiveEnsemble","19",0.918419279994012,21.3408695652174,1.14705882352941,39,0,1,20
"NEU_ISI-AdaptiveEnsemble","20",0.135265956640962,7.76391304347826,0.141025641025641,11,1,1,20
"NEU_ISI-AdaptiveEnsemble","21",0.628240208325072,41.3278260869565,0.768421052631579,73,1,1,20
"NEU_ISI-AdaptiveEnsemble","22",8.70675830469645,105.753043478261,6.63157894736842,126,0,0,16
"NEU_ISI-AdaptiveEnsemble","23",0.226695341078104,9.80782608695652,NA,14,1,1,16
"NEU_ISI-AdaptiveEnsemble","24",0.186025167620115,37.805652173913,0.284552845528455,70,0,1,20
"NEU_ISI-AdaptiveEnsemble","25",0.229268524848348,46.0773913043478,0.237735849056604,63,1,1,20
"NEU_ISI-AdaptiveEnsemble","26",0.40683255023302,74.0873913043478,0.539370078740158,137,0,1,20
"NEU_ISI-AdaptiveEnsemble","27",0.150393353052338,12.7334782608696,0.156521739130435,18,1,1,20
"NEU_ISI-AdaptiveEnsemble","28",0.255629272215521,4.42260869565218,0.0357142857142857,1,1,1,20
"NEU_ISI-AdaptiveEnsemble","29",3.50936398067128,116.831304347826,4.2,210,0,1,20
"NEU_ISI-AdaptiveEnsemble","31",0.435451225414705,25.8169565217391,0.554054054054054,41,0,0,20
"NEU_ISI-AdaptiveEnsemble","32",0.354829857299671,4.49739130434783,NA,7,0,1,20
"NEU_ISI-AdaptiveEnsemble","33",22.5625752105897,48.9117391304348,23,69,0,0,12
"NEU_ISI-AdaptiveEnsemble","35",0.106819491316158,4.51391304347826,NA,1,1,1,20
"NEU_ISI-AdaptiveEnsemble","36",0.940685067825904,187.413913043478,1.37710437710438,409,0,1,20
"NEU_ISI-AdaptiveEnsemble","37",0.831666317095765,165.503043478261,0.910071942446043,253,0,0,20
"NEU_ISI-AdaptiveEnsemble","38",0.220666715403173,2.62478260869565,0.166666666666667,3,1,1,20
"NEU_ISI-AdaptiveEnsemble","40",0.366943987297282,38.5830434782609,0.436241610738255,65,0,1,4
"NEU_ISI-AdaptiveEnsemble","41",0.606433408577878,147.17347826087,0.809027777777778,233,0,0,20
"NEU_ISI-AdaptiveEnsemble","42",0.565356832273365,252.694347826087,0.773972602739726,452,0,1,20
"NEU_ISI-AdaptiveEnsemble","44",0.244448505894179,4.65217391304348,0.115384615384615,3,1,1,20
"NEU_ISI-AdaptiveEnsemble","45",4.0700033675703,126.11347826087,3.74468085106383,176,0,0,20
"NEU_ISI-AdaptiveEnsemble","46",0.703868825945394,28.7613043478261,0.941176470588235,48,0,0,20
"NEU_ISI-AdaptiveEnsemble","47",4.48103900107908,126.384782608696,3.77272727272727,166,0,0,20
"NEU_ISI-AdaptiveEnsemble","48",0.214959752243551,59.0286956521739,0.300242130750605,124,0,1,20
"NEU_ISI-AdaptiveEnsemble","49",0.135840237136125,6.21652173913044,0.189655172413793,11,1,1,20
"NEU_ISI-AdaptiveEnsemble","50",0.79978981406629,21.5073913043478,1.09090909090909,36,0,1,20
"NEU_ISI-AdaptiveEnsemble","51",13.7175693974272,176.181304347826,13.8888888888889,250,0,0,20
"NEU_ISI-AdaptiveEnsemble","53",0.0872194792469344,15.9447826086957,0.122270742358079,28,0,1,20
"NEU_ISI-AdaptiveEnsemble","54",0.709437593757961,65.3860869565217,1.07627118644068,127,1,1,20
"NEU_ISI-AdaptiveEnsemble","55",0.239111250647003,24.5039130434783,0.0709219858156028,10,1,1,20
"NEU_ISI-AdaptiveEnsemble","56",0.143995085058153,5.9104347826087,0,0,1,1,20
"NEU_ISI-FluBcast","01",1.84206048542443,49.8926086956522,1.97619047619048,83,0,1,20
"NEU_ISI-FluBcast","02",8.68264462809917,9.13565217391304,NA,15,0,1,12
"NEU_ISI-FluBcast","06",0.743371657418728,329.917391304348,0.805993690851735,511,0,0,20
"NEU_ISI-FluBcast","08",0.23523202384402,9.88260869565217,0.0634920634920635,4,1,1,20
"NEU_ISI-FluBcast","09",0.161410876993166,9.85869565217391,0,0,1,1,20
"NEU_ISI-FluBcast","10",0.933837837837838,7.51130434782609,NA,14,0,1,20
"NEU_ISI-FluBcast","11",0.990436566168623,51.6473913043478,1.03174603174603,65,0,0,4
"NEU_ISI-FluBcast","12",0.914949863263446,52.3669565217391,0.752688172043011,70,1,1,20
"NEU_ISI-FluBcast","15",0.286204724409449,3.95086956521739,0.368421052631579,7,1,1,20
"NEU_ISI-FluBcast","17",0.406071986364844,108.97347826087,0.560224089635854,200,0,1,20
"NEU_ISI-FluBcast","18",1.28968834280087,305.21652173913,1.37748344370861,416,0,0,16
"NEU_ISI-FluBcast","19",0.530648903525185,12.3304347826087,0.617647058823529,21,1,1,20
"NEU_ISI-FluBcast","20",0.336380989895011,19.3073913043478,0.461538461538462,36,0,1,20
"NEU_ISI-FluBcast","21",3.12420853656925,205.521304347826,2.93684210526316,279,0,0,8
"NEU_ISI-FluBcast","22",10.1665950744559,123.484347826087,7.78947368421053,148,0,0,12
"NEU_ISI-FluBcast","23",1.02922378100253,44.5286956521739,NA,66,0,0,16
"NEU_ISI-FluBcast","24",0.0968773666847801,19.6882608695652,0.109756097560976,27,1,1,20
"NEU_ISI-FluBcast","25",0.296412717093137,59.5717391304348,0.422641509433962,112,0,1,20
"NEU_ISI-FluBcast","26",1.41954360531744,258.51,1.48425196850394,377,0,0,16
"NEU_ISI-FluBcast","27",0.137252485416153,11.6208695652174,0.165217391304348,19,1,1,20
"NEU_ISI-FluBcast","29",7.37765443385138,245.611739130435,6.3,315,0,0,20
"NEU_ISI-FluBcast","30",0.992490698706352,25.284347826087,NA,42,0,1,16
"NEU_ISI-FluBcast","31",0.18668690690955,11.0682608695652,0.27027027027027,20,0,1,20
"NEU_ISI-FluBcast","32",0.67772365532382,8.59,NA,16,0,1,16
"NEU_ISI-FluBcast","33",8.01103088648215,17.3665217391304,10.3333333333333,31,0,1,20
"NEU_ISI-FluBcast","34",1.42035963446988,276.530434782609,1.42696629213483,381,0,0,16
"NEU_ISI-FluBcast","36",1.43745962743763,286.386956521739,1.32659932659933,394,0,0,16
"NEU_ISI-FluBcast","37",0.260305787146278,51.8013043478261,0.345323741007194,96,0,1,20
"NEU_ISI-FluBcast","38",0.889026975656116,10.5747826086957,0.944444444444444,17,0,1,20
"NEU_ISI-FluBcast","40",0.177895946873527,18.7052173913043,0.214765100671141,32,1,1,20
"NEU_ISI-FluBcast","41",0.236622594861873,57.4252173913044,0.319444444444444,92,0,1,20
"NEU_ISI-FluBcast","44",0.400827012702184,7.62826086956522,0.538461538461538,14,0,1,20
"NEU_ISI-FluBcast","45",0.544213391704552,16.8630434782609,0.382978723404255,18,1,1,20
"NEU_ISI-FluBcast","46",0.770966780872933,31.5030434782609,0.862745098039216,44,0,0,12
"NEU_ISI-FluBcast","47",2.63514721751195,74.3226086956522,2.65909090909091,117,0,0,16
"NEU_ISI-FluBcast","48",1.00206780369481,275.171304347826,1.1089588377724,458,0,1,20
"NEU_ISI-FluBcast","49",0.161681994375618,7.39913043478261,0.258620689655172,15,1,1,20
"NEU_ISI-FluBcast","50",0.301164106709782,8.09869565217391,0.454545454545455,15,0,1,20
"NEU_ISI-FluBcast","53",0.176234576709761,32.2178260869565,0.266375545851528,61,0,1,20
"NEU_ISI-FluBcast","55",1.72309950700461,176.581739130435,1.82269503546099,257,0,0,20
"NIH-Flu_ARIMA","01",3.53199242326955,95.6647826086956,2.97619047619048,125,0,0,20
"NIH-Flu_ARIMA","02",1.40371900826446,1.47695652173913,NA,2,1,1,20
"NIH-Flu_ARIMA","04",0.826175186945765,25.8434782608696,0.760869565217391,35,1,1,20
"NIH-Flu_ARIMA","05",2.04486608529942,171.686956521739,1.68965517241379,196,0,0,20
"NIH-Flu_ARIMA","06",0.376336248785228,167.022608695652,0.414826498422713,263,0,1,20
"NIH-Flu_ARIMA","08",0.188444343254543,7.91695652173913,0.0634920634920635,4,1,1,20
"NIH-Flu_ARIMA","09",0.36755410022779,22.4495652173913,NA,37,0,1,20
"NIH-Flu_ARIMA","10",0.771135135135135,6.20260869565217,NA,11,0,1,20
"NIH-Flu_ARIMA","11",1.27242029082177,66.3517391304348,1.15873015873016,73,0,0,20
"NIH-Flu_ARIMA","12",5.59487237921604,320.221304347826,4.50537634408602,419,0,0,20
"NIH-Flu_ARIMA","13",3.60839611825403,153.259565217391,2.92307692307692,190,0,0,20
"NIH-Flu_ARIMA","15",0.687307086614173,9.48782608695652,0.736842105263158,14,0,1,20
"NIH-Flu_ARIMA","16",0.936727169019536,39.9852173913043,0.966666666666667,58,0,0,20
"NIH-Flu_ARIMA","17",0.164736531719235,44.2086956521739,0.061624649859944,22,1,1,20
"NIH-Flu_ARIMA","18",0.396486599695765,93.8321739130435,0.562913907284768,170,0,1,20
"NIH-Flu_ARIMA","19",0.414995135094678,9.64304347826087,0.323529411764706,11,1,1,20
"NIH-Flu_ARIMA","20",0.158702864847668,9.10913043478261,0.192307692307692,15,1,1,20
"NIH-Flu_ARIMA","21",0.386987614175622,25.4573913043478,0.4,38,1,1,20
"NIH-Flu_ARIMA","22",4.3234894043528,52.5134782608696,4.47368421052632,85,0,1,20
"NIH-Flu_ARIMA","23",0.153887124653294,6.65782608695652,NA,9,1,1,20
"NIH-Flu_ARIMA","24",0.453552006092943,92.1747826086957,0.544715447154472,134,0,0,20
"NIH-Flu_ARIMA","25",0.314134959025969,63.1334782608696,0.418867924528302,111,0,1,20
"NIH-Flu_ARIMA","26",1.15609003743602,210.533043478261,1.2007874015748,305,0,1,20
"NIH-Flu_ARIMA","27",0.267937104592885,22.685652173913,0.339130434782609,39,0,1,20
"NIH-Flu_ARIMA","28",0.357006433453961,6.17652173913044,0.357142857142857,10,1,1,20
"NIH-Flu_ARIMA","29",0.937390622959384,31.2069565217391,0.9,45,1,1,20
"NIH-Flu_ARIMA","30",0.880636242618698,22.4347826086957,NA,36,0,1,20
"NIH-Flu_ARIMA","31",0.382745926284449,22.6921739130435,0.472972972972973,35,0,1,20
"NIH-Flu_ARIMA","32",0.250720362239297,3.17782608695652,NA,4,1,1,20
"NIH-Flu_ARIMA","33",5.75952667468913,12.485652173913,7,21,0,1,20
"NIH-Flu_ARIMA","34",0.157480772151107,30.66,0.0973782771535581,26,1,1,20
"NIH-Flu_ARIMA","35",0.593598238538151,25.0839130434783,NA,38,0,1,20
"NIH-Flu_ARIMA","36",0.220528029469788,43.9360869565217,0.232323232323232,69,1,1,20
"NIH-Flu_ARIMA","37",0.1528586160488,30.4191304347826,0.12589928057554,35,1,1,20
"NIH-Flu_ARIMA","38",0.16134220337744,1.91913043478261,0.166666666666667,3,1,1,20
"NIH-Flu_ARIMA","39",0.622644572362648,431.916086956522,0.812577065351418,659,0,1,20
"NIH-Flu_ARIMA","40",0.174922882260025,18.3926086956522,0.214765100671141,32,0,1,20
"NIH-Flu_ARIMA","41",1.01651796911391,246.695652173913,1.02777777777778,296,0,0,20
"NIH-Flu_ARIMA","42",0.23036464342064,102.964782608696,0.270547945205479,158,1,1,20
"NIH-Flu_ARIMA","44",0.074431143196564,1.41652173913043,0.0769230769230769,2,1,1,20
"NIH-Flu_ARIMA","45",1.48718920132458,46.0821739130435,1.5531914893617,73,0,1,20
"NIH-Flu_ARIMA","46",0.506299078546956,20.6882608695652,0.529411764705882,27,0,0,20
"NIH-Flu_ARIMA","47",4.23434561430553,119.426956521739,3.75,165,0,0,20
"NIH-Flu_ARIMA","48",0.115472428228529,31.7091304347826,0.0702179176755448,29,1,1,20
"NIH-Flu_ARIMA","49",0.700416128296724,32.0534782608696,0.775862068965517,45,0,0,20
"NIH-Flu_ARIMA","50",0.756491511721908,20.3430434782609,0.757575757575758,25,0,0,20
"NIH-Flu_ARIMA","51",2.32471225457007,29.8573913043478,2.77777777777778,50,0,1,20
"NIH-Flu_ARIMA","53",0.90034675647136,164.594347826087,0.991266375545851,227,0,0,20
"NIH-Flu_ARIMA","54",0.519671481540886,47.8960869565217,0.677966101694915,80,0,1,20
"NIH-Flu_ARIMA","55",0.195102290179973,19.9939130434783,0.0638297872340425,9,1,1,20
"NIH-Flu_ARIMA","56",1.03910768383365,42.6513043478261,NA,50,0,0,20
"NIH-Flu_ARIMA","72",0.994267530826645,18.475652173913,1.10344827586207,32,0,1,20
"OHT_JHU-nbxd","01",0.908269230769231,24.6006695652174,1.04619047619048,43.94,1,1,20
"OHT_JHU-nbxd","02",2.50138016528926,2.63188695652174,NA,4.33,1,1,20
"OHT_JHU-nbxd","04",2.18840449781781,68.4551956521739,2.8904347826087,132.96,0,1,20
"OHT_JHU-nbxd","05",0.352329370093419,29.5815739130435,0.483706896551724,56.11,1,1,20
"OHT_JHU-nbxd","06",0.682881212969059,303.070995652174,0.844463722397477,535.39,0,1,20
"OHT_JHU-nbxd","08",0.585474396655214,24.597052173913,0.576031746031746,36.29,1,1,20
"OHT_JHU-nbxd","09",0.619381477790433,37.8307434782609,NA,69.15,0,1,20
"OHT_JHU-nbxd","10",1.45890756756757,11.7346913043478,NA,21.49,0,1,20
"OHT_JHU-nbxd","11",0.47519418689968,24.7795173913044,0.64047619047619,40.35,0,1,20
"OHT_JHU-nbxd","12",2.81100850805226,160.887460869565,2.50645161290322,233.1,1,1,20
"OHT_JHU-nbxd","13",1.03343747440832,43.8932347826087,1.018,66.17,1,1,20
"OHT_JHU-nbxd","15",0.360609763779528,4.97798260869565,0.462105263157895,8.78,1,1,20
"OHT_JHU-nbxd","16",0.388799018109963,16.5963086956522,0.506166666666667,30.37,0,1,20
"OHT_JHU-nbxd","17",0.662427660443142,177.769086956522,0.905210084033614,323.16,0,1,20
"OHT_JHU-nbxd","18",0.652133080783956,154.333247826087,0.9291059602649,280.59,0,1,20
"OHT_JHU-nbxd","19",0.67707656612529,15.7329043478261,0.198823529411764,6.75999999999999,1,1,20
"OHT_JHU-nbxd","20",0.201504840395716,11.565852173913,0.111923076923077,8.73000000000002,1,1,20
"OHT_JHU-nbxd","21",0.727354760677321,47.8479260869565,0.864947368421052,82.17,1,1,20
"OHT_JHU-nbxd","22",3.45449384306987,41.9585826086957,4.20842105263158,79.96,0,1,20
"OHT_JHU-nbxd","23",0.421758552076215,18.2471086956522,NA,33.73,0,1,20
"OHT_JHU-nbxd","24",0.543735906860123,110.502739130435,0.759674796747967,186.88,0,1,20
"OHT_JHU-nbxd","25",0.347879929214873,69.9153956521739,0.456037735849056,120.85,1,1,20
"OHT_JHU-nbxd","26",0.289008972228589,52.6307956521739,0.244330708661417,62.0599999999999,1,1,20
"OHT_JHU-nbxd","27",0.477633668145592,40.4402043478261,0.640869565217391,73.7,0,1,20
"OHT_JHU-nbxd","28",2.74501432448733,47.4911347826087,2.94107142857143,82.35,0,1,20
"OHT_JHU-nbxd","29",1.09646336685386,36.5026956521739,0.0851999999999998,4.25999999999999,1,1,20
"OHT_JHU-nbxd","30",0.311656142267126,7.93964347826087,NA,12.33,1,1,20
"OHT_JHU-nbxd","31",0.492385121954797,29.1924434782609,0.7,51.8,0,1,20
"OHT_JHU-nbxd","32",0.412411841383096,5.22723043478261,NA,2.47,1,1,20
"OHT_JHU-nbxd","33",6.34490373044525,13.754647826087,8.82,26.46,0,1,20
"OHT_JHU-nbxd","34",0.64691503568653,125.948169565217,0.863745318352059,230.62,0,1,20
"OHT_JHU-nbxd","35",0.369289653469421,15.6052173913043,NA,28.07,0,1,20
"OHT_JHU-nbxd","36",0.745701718780006,148.567126086957,0.894747474747475,265.74,0,1,20
"OHT_JHU-nbxd","37",1.23414280845262,245.596565217391,1.50201438848921,417.56,0,1,20
"OHT_JHU-nbxd","38",0.785371372176329,9.34182173913044,0.891111111111111,16.04,0,1,20
"OHT_JHU-nbxd","39",0.535105818746145,371.192204347826,0.810209617755857,657.08,0,1,20
"OHT_JHU-nbxd","40",1.00193030044906,105.34992173913,1.1061744966443,164.82,0,0,20
"OHT_JHU-nbxd","41",0.550705847576051,133.649126086957,0.624305555555556,179.8,0,0,20
"OHT_JHU-nbxd","42",0.530642148289232,237.17812173913,0.708116438356164,413.54,1,1,20
"OHT_JHU-nbxd","44",0.517920816960614,9.85670869565218,0.698461538461538,18.16,0,1,20
"OHT_JHU-nbxd","45",2.04577903126228,63.3906869565217,2.46234042553192,115.73,0,1,20
"OHT_JHU-nbxd","46",0.944662169351578,38.6005391304348,1.04098039215686,53.09,0,0,20
"OHT_JHU-nbxd","47",1.26462463388315,35.6679130434783,1.4625,64.35,1,1,20
"OHT_JHU-nbxd","48",0.956857809204735,262.756482608696,1.14549636803874,473.09,0,1,20
"OHT_JHU-nbxd","49",0.736878467735806,33.7221217391304,0.982758620689655,57,0,1,20
"OHT_JHU-nbxd","50",0.556239288601455,14.958,0.708484848484848,23.38,0,0,20
"OHT_JHU-nbxd","51",2.24973933649289,28.8944782608696,0.542777777777777,9.76999999999998,1,1,20
"OHT_JHU-nbxd","53",0.427614277424203,78.1730956521739,0.585938864628821,134.18,0,1,20
"OHT_JHU-nbxd","54",0.408974111009425,37.6935434782609,0.586101694915254,69.16,0,1,20
"OHT_JHU-nbxd","55",0.404633520292573,41.4664913043478,0.416241134751773,58.6900000000001,1,1,20
"OHT_JHU-nbxd","56",0.770937016715039,31.643947826087,NA,43.75,0,0,20
"OHT_JHU-nbxd","72",0.814250216429959,15.1305391304348,0.826896551724138,23.98,1,1,20
"PSI-PROF","01",2.28409657120843,61.865252173913,2.71428571428571,114,0,1,20
"PSI-PROF","02",5.65134710743802,5.9462,NA,7,1,1,20
"PSI-PROF","04",3.0913339171045,96.6996130434783,0.469565217391305,21.6,1,1,20
"PSI-PROF","05",0.811438158957681,68.128347826087,1.13793103448276,132,0,1,20
"PSI-PROF","06",0.42355109094329,187.977130434783,0.43217665615142,274,1,1,20
"PSI-PROF","08",0.677195740365112,28.4504652173913,0.0793650793650793,5,1,1,20
"PSI-PROF","09",0.385183228929385,23.5263217391304,NA,9,1,1,20
"PSI-PROF","10",1.50083621621622,12.0719434782609,NA,27,1,1,20
"PSI-PROF","11",0.839485558964781,43.7758869565217,0.761904761904762,48,0,0,20
"PSI-PROF","12",2.54073663020359,145.418508695652,2.86559139784946,266.5,1,1,20
"PSI-PROF","13",1.08509079927934,46.0871086956522,1.03076923076923,67,1,1,20
"PSI-PROF","15",0.654923779527559,9.04079565217391,0.789473684210526,15,1,1,20
"PSI-PROF","16",0.632567581331867,27.0018347826087,1.13333333333333,68,1,1,20
"PSI-PROF","17",0.401176097001432,107.659617391304,0.431372549019608,154,1,1,20
"PSI-PROF","18",0.671175805965652,158.839882608696,1.16867549668874,352.94,1,1,20
"PSI-PROF","19",1.02054823740738,23.7139913043478,0.235294117647059,8,1,1,20
"PSI-PROF","20",0.910737118790431,52.2739347826087,1.08974358974359,85,0,1,20
"PSI-PROF","21",0.785650883663137,51.682847826087,0.442105263157895,42,1,1,20
"PSI-PROF","22",2.23621921534937,27.1613130434783,2.36842105263158,45,1,1,20
"PSI-PROF","23",0.441273666438879,19.0914173913043,NA,30,1,1,20
"PSI-PROF","24",0.353611844441687,71.8640739130435,0.483739837398374,119,1,1,20
"PSI-PROF","25",0.340738960375905,68.4802347826087,0.3,79.5,1,1,20
"PSI-PROF","26",0.636368587172435,115.8877,0.631889763779528,160.5,1,1,20
"PSI-PROF","27",0.518427717525265,43.894147826087,0.929217391304348,106.86,1,1,20
"PSI-PROF","28",0.927071773220748,16.039147826087,0.357142857142857,10,1,1,20
"PSI-PROF","29",1.4992864045971,49.9132,0.09,4.5,1,1,20
"PSI-PROF","30",0.76588387889545,19.5113913043478,NA,32,0,1,20
"PSI-PROF","31",0.582554083982341,34.5383652173913,0.77027027027027,57,0,1,20
"PSI-PROF","32",0.623955474753019,7.9085,NA,5.5,1,1,20
"PSI-PROF","33",5.13736060970718,11.1369043478261,2.33333333333333,7,1,1,20
"PSI-PROF","34",0.279900399296096,54.4939304347826,0.0112359550561798,3,1,1,20
"PSI-PROF","35",0.80990554778171,34.2244956521739,NA,84,1,1,20
"PSI-PROF","36",0.508328837793956,101.275017391304,0.0185185185185185,5.5,1,1,20
"PSI-PROF","37",0.362219338262283,72.0822782608696,0.142086330935252,39.5,1,1,20
"PSI-PROF","38",0.520459097887273,6.19074782608696,0.277777777777778,5,1,1,20
"PSI-PROF","39",0.280852109480377,194.821491304348,0.334155363748459,271,1,1,20
"PSI-PROF","40",0.787079532579661,82.7590173913044,1.42684563758389,212.6,0,1,20
"PSI-PROF","41",0.662789243613171,160.850304347826,0.767361111111111,221,0,0,20
"PSI-PROF","42",0.9094899213827,406.509569565217,0.882654109589041,515.47,1,1,20
"PSI-PROF","44",1.0282929726766,19.5697565217391,2.03846153846154,53,1,1,20
"PSI-PROF","45",1.62742675534602,50.4275869565217,1.91489361702128,90,1,1,20
"PSI-PROF","46",0.375174395096933,15.3302782608696,0.529411764705882,27,0,1,20
"PSI-PROF","47",2.23624048096192,63.0717043478261,2.84090909090909,125,0,1,20
"PSI-PROF","48",0.485128928985351,133.218091304348,0.062953995157385,26,1,1,20
"PSI-PROF","49",0.430111062552253,19.6833782608696,0.551724137931034,32,0,1,20
"PSI-PROF","50",0.461958286176233,12.4226608695652,0.636363636363636,21,0,1,20
"PSI-PROF","51",4.39991130670278,56.5101652173913,2.77777777777778,50,1,1,20
"PSI-PROF","53",0.534223436741916,97.662547826087,0.729257641921397,167,0,1,20
"PSI-PROF","54",0.785559292770141,72.4019260869565,1.19720338983051,141.27,1,1,20
"PSI-PROF","55",0.45040483322161,46.1570956521739,0.159574468085106,22.5,1,1,20
"PSI-PROF","56",0.458655593924115,18.8260173913044,NA,54.07,1,1,20
"PSI-PROF","72",2.30830482697302,42.8933217391304,2.46827586206897,71.58,1,1,20
"PSI-PROF_beta","01",2.04860279953769,55.4868521739131,2.61904761904762,110,0,1,20
"PSI-PROF_beta","02",5.76696694214876,6.06785217391304,NA,1,1,1,20
"PSI-PROF_beta","04",2.6662103522086,83.4013782608696,0.897391304347825,41.28,1,1,20
"PSI-PROF_beta","05",0.892193591151065,74.9085739130435,1.31896551724138,153,0,1,20
"PSI-PROF_beta","06",0.498911642998213,221.423060869565,0.288643533123028,183,1,1,20
"PSI-PROF_beta","08",0.936494597839136,39.3441739130435,0.238095238095238,15,1,1,20
"PSI-PROF_beta","09",0.491456007972665,30.0172782608696,NA,9.5,1,1,20
"PSI-PROF_beta","10",1.18895243243243,9.56331304347826,NA,5,1,1,20
"PSI-PROF_beta","11",0.62032033751334,32.3472782608696,0.73015873015873,46,0,1,20
"PSI-PROF_beta","12",4.38769401397752,251.128713043478,5.06451612903226,471,1,1,20
"PSI-PROF_beta","13",0.546340492179183,23.2047434782609,0.0466153846153842,3.02999999999997,1,1,20
"PSI-PROF_beta","15",0.823829921259843,11.3724347826087,1.36842105263158,26,1,1,20
"PSI-PROF_beta","16",0.595578235449897,25.4229043478261,1.11666666666667,67,1,1,20
"PSI-PROF_beta","17",0.50454451191456,135.399565217391,0.198879551820728,71,1,1,20
"PSI-PROF_beta","18",0.699767249171437,165.606308695652,1.24172185430464,375,1,1,20
"PSI-PROF_beta","19",1.50634814010927,35.0022913043478,0.735294117647059,25,1,1,20
"PSI-PROF_beta","20",0.601598391079734,34.5301782608696,0.371794871794872,29,1,1,20
"PSI-PROF_beta","21",1.01999788502465,67.0990086956522,0.331578947368421,31.5,1,1,20
"PSI-PROF_beta","22",3.95494380011455,48.0370913043478,4.36842105263158,83,1,1,20
"PSI-PROF_beta","23",0.6734612292479,29.1368608695652,NA,67,1,1,20
"PSI-PROF_beta","24",0.445142354083855,90.4657,0.544715447154472,134,1,1,20
"PSI-PROF_beta","25",0.55052641029413,110.642404347826,0.4,106,1,1,20
"PSI-PROF_beta","26",0.88966202536481,162.014417391304,1.42125984251968,361,1,1,20
"PSI-PROF_beta","27",0.719770561169994,60.9414086956522,1.1304347826087,130,0,1,20
"PSI-PROF_beta","28",1.21302573381584,20.9864,0.232142857142857,6.5,1,1,20
"PSI-PROF_beta","29",2.58634621914588,86.1028391304348,3.4,170,1,1,20
"PSI-PROF_beta","30",1.0295269140185,26.2278695652174,NA,39,1,1,20
"PSI-PROF_beta","31",0.54491031225708,32.306547826087,0.79054054054054,58.5,0,1,20
"PSI-PROF_beta","32",0.89587472557629,11.3550173913043,NA,6,1,1,20
"PSI-PROF_beta","33",5.84331327717609,12.6672869565217,7.33333333333333,22,1,1,20
"PSI-PROF_beta","34",0.539470709353533,105.029786956522,0.0430711610486892,11.5,1,1,20
"PSI-PROF_beta","35",0.868844760885669,36.7151130434783,NA,86,0,1,20
"PSI-PROF_beta","36",0.909227683793362,181.146617391304,0.178451178451178,53,1,1,20
"PSI-PROF_beta","37",0.499036538898502,99.3091391304348,0.0953237410071942,26.5,1,1,20
"PSI-PROF_beta","38",0.893294465969735,10.6255434782609,0.777777777777778,14,1,1,20
"PSI-PROF_beta","39",0.492762268531286,341.819330434783,0.702219482120839,569.5,1,1,20
"PSI-PROF_beta","40",0.786371579321695,82.6845782608696,0.909395973154362,135.5,0,1,20
"PSI-PROF_beta","41",0.536927102368412,130.305204347826,1.07291666666667,309,0,1,20
"PSI-PROF_beta","42",0.611119007643835,273.148408695652,0.0179794520547945,10.5,1,1,20
"PSI-PROF_beta","44",0.585811020743855,11.148747826087,0.153846153846154,4,1,1,20
"PSI-PROF_beta","45",1.81789007689285,56.3293,1.5531914893617,73,1,1,20
"PSI-PROF_beta","46",0.444484262943968,18.1624,0.627450980392157,32,0,1,20
"PSI-PROF_beta","47",2.18614891321104,61.6589043478261,1.31818181818182,58,1,1,20
"PSI-PROF_beta","48",0.708093519826216,194.444943478261,0.147699757869249,61,1,1,20
"PSI-PROF_beta","49",0.381695770312381,17.4677260869565,0.448275862068966,26,1,1,20
"PSI-PROF_beta","50",0.587107518189167,15.7880869565217,0.787878787878788,26,1,1,20
"PSI-PROF_beta","51",6.68602877454299,85.8718652173913,5.5,99,1,1,20
"PSI-PROF_beta","53",0.692960177706746,126.681556521739,1.1528384279476,264,0,1,20
"PSI-PROF_beta","54",0.739233378305705,68.132247826087,1.3135593220339,155,1,1,20
"PSI-PROF_beta","55",0.738816726205124,75.7132956521739,0.0177304964539007,2.5,1,1,20
"PSI-PROF_beta","56",0.703695951528505,28.8839652173913,NA,63.36,0,1,20
"PSI-PROF_beta","72",2.2234567959007,41.3166608695652,2.90758620689655,84.32,1,1,20
"SigSci-TSENS","01",0.752825221523051,20.3904347826087,0.0476190476190476,2,1,1,20
"SigSci-TSENS","02",2.66528925619835,2.80434782608696,NA,4,1,1,20
"SigSci-TSENS","04",0.739860450893726,23.1434782608696,0.891304347826087,41,1,1,20
"SigSci-TSENS","05",1.66830478281583,140.070869565217,1.36206896551724,158,0,0,20
"SigSci-TSENS","06",0.690812211981567,306.590869565217,0.876971608832808,556,0,1,20
"SigSci-TSENS","08",0.16309972264768,6.85217391304348,0.126984126984127,8,1,1,20
"SigSci-TSENS","09",0.714664009111617,43.6504347826087,NA,64,0,0,20
"SigSci-TSENS","10",0.984378378378378,7.91782608695652,NA,14,0,1,20
"SigSci-TSENS","12",3.15202825888788,180.405652173913,3.33333333333333,310,0,1,20
"SigSci-TSENS","13",3.75177094423061,159.349130434783,3.01538461538462,196,0,0,20
"SigSci-TSENS","15",0.644535433070866,8.89739130434783,0.789473684210526,15,0,1,20
"SigSci-TSENS","16",1.07693169549186,45.97,0.95,57,0,0,20
"SigSci-TSENS","17",0.794097156966307,213.103913043478,0.733893557422969,262,0,0,20
"SigSci-TSENS","18",1.00662299105667,238.22652173913,0.887417218543046,268,0,0,20
"SigSci-TSENS","19",0.282276775690442,6.55913043478261,0.352941176470588,12,0,1,20
"SigSci-TSENS","20",0.913206175102641,52.415652173913,0.82051282051282,64,0,0,20
"SigSci-TSENS","21",0.114770459081836,7.55,0.0526315789473684,5,1,1,20
"SigSci-TSENS","22",1.00118127147766,12.1604347826087,1.15789473684211,22,1,1,20
"SigSci-TSENS","23",1.18918076938538,51.4491304347826,NA,60,0,0,20
"SigSci-TSENS","24",0.564754634958261,114.774347826087,0.565040650406504,139,0,0,20
"SigSci-TSENS","25",0.767553499883178,154.259565217391,0.675471698113208,179,0,0,16
"SigSci-TSENS","26",1.53533262663305,279.596086956522,1.2755905511811,324,0,0,20
"SigSci-TSENS","27",0.253610015610878,21.4726086956522,0.339130434782609,39,0,1,20
"SigSci-TSENS","28",1.20790611178126,20.8978260869565,1.28571428571429,36,0,1,20
"SigSci-TSENS","29",0.963654172652475,32.0813043478261,1.12,56,0,1,12
"SigSci-TSENS","30",0.387940744786156,9.88304347826087,NA,19,0,1,20
"SigSci-TSENS","31",1.05569733503469,62.59,0.972972972972973,72,0,0,20
"SigSci-TSENS","32",0.38748627881449,4.91130434782609,NA,7,1,1,20
"SigSci-TSENS","33",2.16486161251504,4.69304347826087,3,9,0,1,20
"SigSci-TSENS","34",0.860407156958204,167.513043478261,0.786516853932584,210,0,0,16
"SigSci-TSENS","35",1.16266770927648,49.1313043478261,NA,60,0,0,20
"SigSci-TSENS","36",0.169178494736291,33.705652173913,0.181818181818182,54,1,1,20
"SigSci-TSENS","37",0.832039920996976,165.577391304348,1.11510791366906,310,0,1,20
"SigSci-TSENS","38",0.497806857226405,5.92130434782609,0.611111111111111,11,1,1,20
"SigSci-TSENS","39",0.866543525895915,601.103913043478,0.801479654747226,650,0,0,20
"SigSci-TSENS","40",0.65633192467685,69.0113043478261,0.651006711409396,97,0,0,12
"SigSci-TSENS","41",0.946110573650077,229.608695652174,0.864583333333333,249,0,0,8
"SigSci-TSENS","42",0.70808682338247,316.489565217391,1.00856164383562,589,0,1,20
"SigSci-TSENS","44",0.712030521794755,13.5508695652174,0.807692307692308,21,0,0,20
"SigSci-TSENS","45",2.04306280518606,63.3065217391304,1.8936170212766,89,0,0,20
"SigSci-TSENS","46",0.609925304845609,24.9226086956522,0.745098039215686,38,0,0,20
"SigSci-TSENS","47",0.967827963619547,27.2969565217391,0.386363636363636,17,1,1,20
"SigSci-TSENS","48",0.882554766715011,242.352608695652,0.946731234866828,391,0,1,20
"SigSci-TSENS","49",0.743197537432545,34.0113043478261,0.775862068965517,45,0,0,20
"SigSci-TSENS","50",0.847809215844786,22.7986956521739,0.909090909090909,30,0,0,20
"SigSci-TSENS","51",0.853215978334462,10.9582608695652,0.111111111111111,2,1,1,20
"SigSci-TSENS","53",1.11162561716944,203.218695652174,0.982532751091703,225,0,0,20
"SigSci-TSENS","54",1.40217565642366,129.233043478261,1.20338983050847,142,0,0,20
"SigSci-TSENS","55",0.565464018124581,57.9482608695652,0.553191489361702,78,0,0,16
"SigSci-TSENS","56",0.668569794292736,27.4421739130435,NA,41,0,0,20
"Stevens-ILIForecast","01",3.61819378451265,97.9995652173913,2.5,105,0,0,16
"Stevens-ILIForecast","02",30.2045454545455,31.7804347826087,NA,33,0,0,16
"Stevens-ILIForecast","04",5.33871236760904,166.999565217391,3.78260869565217,174,0,0,16
"Stevens-ILIForecast","05",5.89665368602026,495.083043478261,4.5948275862069,533,0,0,16
"Stevens-ILIForecast","06",1.44890023981943,643.039565217391,1.07255520504732,680,0,0,16
"Stevens-ILIForecast","08",1.31016889514426,55.0430434782609,1,63,0,0,16
"Stevens-ILIForecast","09",2.47294276765376,151.043043478261,NA,159,0,0,16
"Stevens-ILIForecast","10",1.04859459459459,8.43434782608696,NA,15,0,1,16
"Stevens-ILIForecast","11",1.01133104322305,52.7369565217391,0.841269841269841,53,0,0,16
"Stevens-ILIForecast","12",19.5636204800972,1119.71956521739,12.8494623655914,1195,0,0,16
"Stevens-ILIForecast","13",1.17823069363688,50.0430434782609,0.892307692307692,58,0,0,16
"Stevens-ILIForecast","15",5.36374803149606,74.0430434782609,4.31578947368421,82,0,0,16
"Stevens-ILIForecast","16",1.64088696041883,70.0430434782609,1.3,78,0,0,16
"Stevens-ILIForecast","17",2.01609615895585,541.039565217391,1.61904761904762,578,0,0,16
"Stevens-ILIForecast","18",0.831235899734713,196.719565217391,0.900662251655629,272,0,0,16
"Stevens-ILIForecast","19",4.90792231120425,114.043043478261,3.58823529411765,122,0,0,16
"Stevens-ILIForecast","20",1.21956004666172,69.9995652173913,0.987179487179487,77,0,0,16
"Stevens-ILIForecast","21",0.179052491044401,11.7786956521739,0.136842105263158,13,1,1,16
"Stevens-ILIForecast","22",18.0304624856816,218.999565217391,11.8947368421053,226,0,0,16
"Stevens-ILIForecast","23",2.6751115488202,115.736956521739,NA,116,0,0,16
"Stevens-ILIForecast","24",0.177138199415522,35.9995652173913,0.17479674796748,43,0,0,16
"Stevens-ILIForecast","25",2.09338574432551,420.719565217391,1.87169811320755,496,0,0,16
"Stevens-ILIForecast","26",2.09062714875086,380.719565217391,1.79527559055118,456,0,0,16
"Stevens-ILIForecast","27",1.86662455837647,158.043043478261,1.44347826086957,166,0,0,16
"Stevens-ILIForecast","28",8.15236731001206,141.043043478261,5.32142857142857,149,0,0,16
"Stevens-ILIForecast","29",5.79849810630795,193.039565217391,4.6,230,0,0,16
"Stevens-ILIForecast","30",2.50187732532341,63.7369565217391,NA,64,0,0,16
"Stevens-ILIForecast","31",0.117327407928895,6.95608695652174,0.175675675675676,13,0,1,16
"Stevens-ILIForecast","32",5.36837952799122,68.0430434782609,NA,76,0,0,16
"Stevens-ILIForecast","33",43.2400722021661,93.7369565217391,31.3333333333333,94,0,0,16
"Stevens-ILIForecast","34",2.02228509919873,393.719565217391,1.7565543071161,469,0,0,16
"Stevens-ILIForecast","35",2.69877150382747,114.043043478261,NA,122,0,0,16
"Stevens-ILIForecast","36",7.23641081373627,1441.71956521739,5.10774410774411,1517,0,0,16
"Stevens-ILIForecast","37",2.01003050006117,399.999565217391,1.46402877697842,407,0,0,16
"Stevens-ILIForecast","38",4.01692375173624,47.7804347826087,2.72222222222222,49,0,0,16
"Stevens-ILIForecast","39",0.406060556678183,281.676086956522,0.438964241676942,356,0,0,16
"Stevens-ILIForecast","40",2.51156145849701,264.083043478261,2.02684563758389,302,0,0,16
"Stevens-ILIForecast","41",0.64298075889498,156.043043478261,0.569444444444445,164,0,0,16
"Stevens-ILIForecast","42",2.95476830172234,1320.67608695652,2.38869863013699,1395,0,0,16
"Stevens-ILIForecast","44",0.879443479850133,16.7369565217391,0.653846153846154,17,0,0,16
"Stevens-ILIForecast","45",4.51814278498064,139.999565217391,3.12765957446809,147,0,0,16
"Stevens-ILIForecast","46",2.37491221723309,97.0430434782609,2.05882352941176,105,0,0,16
"Stevens-ILIForecast","47",4.11578541698782,116.083043478261,3.5,154,0,0,16
"Stevens-ILIForecast","48",0.785567490199307,215.719565217391,0.704600484261501,291,0,0,16
"Stevens-ILIForecast","49",0.2004541308809,9.17347826086957,0.275862068965517,16,0,1,16
"Stevens-ILIForecast","50",1.10743734842361,29.7804347826087,0.939393939393939,31,0,0,16
"Stevens-ILIForecast","51",6.01188219363575,77.2134782608696,6.33333333333333,114,0,0,16
"Stevens-ILIForecast","53",1.12136714327844,204.999565217391,0.925764192139738,212,0,0,16
"Stevens-ILIForecast","54",0.86799350888283,79.9995652173913,0.73728813559322,87,0,0,16
"Stevens-ILIForecast","55",0.112391918609091,11.5178260869565,0.0780141843971631,11,1,1,16
"Stevens-ILIForecast","56",1.97444018388662,81.0430434782609,NA,89,0,0,16
"Stevens-ILIForecast","72",1.39916703713236,25.9995652173913,1.13793103448276,33,0,0,16
"UGA_CEID-Walk","01",1.4885538076281,40.3178034782609,1.56459523809524,65.713,1,1,20
"UGA_CEID-Walk","02",2.33359049586777,2.45534304347826,NA,2.683,1,1,20
"UGA_CEID-Walk","04",0.908295638395463,28.4122773913043,1.19471739130435,54.957,0,1,20
"UGA_CEID-Walk","05",0.70656582326988,59.3232665217391,0.990801724137931,114.933,1,1,20
"UGA_CEID-Walk","06",0.872604127480485,387.272334782609,1.17504100946372,744.976,0,1,20
"UGA_CEID-Walk","08",0.80034543817527,33.6242517391304,0.849349206349207,53.509,0,1,20
"UGA_CEID-Walk","09",0.680332438781321,41.553522173913,NA,81.919,0,1,20
"UGA_CEID-Walk","10",1.45830308108108,11.7298291304348,NA,18.441,1,1,20
"UGA_CEID-Walk","11",0.641142225853789,33.4330582608696,1.2264126984127,77.264,1,1,20
"UGA_CEID-Walk","12",3.31209765268915,189.567189130435,3.3632688172043,312.784,1,1,20
"UGA_CEID-Walk","13",1.6817299258865,71.4281882608696,0.728492307692307,47.352,1,1,20
"UGA_CEID-Walk","15",0.943194110236221,13.0201795652174,1.05947368421053,20.13,0,0,20
"UGA_CEID-Walk","16",0.856779451608303,36.572562173913,1.00133333333333,60.08,0,0,20
"UGA_CEID-Walk","17",0.653449261861095,175.359643913043,0.900736694677871,321.563,0,1,20
"UGA_CEID-Walk","18",0.711756477854775,168.443669130435,1.17803642384106,355.767,0,1,20
"UGA_CEID-Walk","19",1.38274882119602,32.1302730434783,1.18085294117647,40.149,1,1,20
"UGA_CEID-Walk","20",0.773159528534852,44.37734,1.07288461538462,83.685,0,1,20
"UGA_CEID-Walk","21",1.28628778205179,84.6164843478261,1.24149473684211,117.942,1,1,20
"UGA_CEID-Walk","22",1.98677971076747,24.1315991304348,0.648052631578947,12.313,1,1,20
"UGA_CEID-Walk","23",0.639482855649797,27.6668086956522,NA,54.572,0,1,20
"UGA_CEID-Walk","24",0.625976980313461,127.216485217391,0.984138211382114,242.098,0,1,20
"UGA_CEID-Walk","25",0.742649193932209,149.254406086957,0.956471698113207,253.465,0,1,20
"UGA_CEID-Walk","26",0.83611602299641,152.263271304348,1.05258267716535,267.356,0,1,20
"UGA_CEID-Walk","27",0.761512627351902,64.4756186956522,0.982252173913044,112.959,0,1,20
"UGA_CEID-Walk","28",1.81353777141134,31.3757804347826,0.789428571428572,22.104,1,1,20
"UGA_CEID-Walk","29",1.81225699360063,60.3323991304348,0.159400000000001,7.97000000000003,1,1,20
"UGA_CEID-Walk","30",0.81371823053555,20.7300026086957,NA,41.572,0,1,20
"UGA_CEID-Walk","31",0.629380707235153,37.3146139130435,0.920891891891892,68.146,0,1,20
"UGA_CEID-Walk","32",0.899718509879254,11.4037365217391,NA,20.939,1,1,20
"UGA_CEID-Walk","33",2.81389290012034,6.10003043478261,2.045,6.13499999999999,1,1,20
"UGA_CEID-Walk","34",0.607896274576362,118.35159,0.845685393258427,225.798,0,1,20
"UGA_CEID-Walk","35",1.15691082599391,48.8880334782609,NA,69.971,0,0,20
"UGA_CEID-Walk","36",0.920049300354405,183.302622173913,1.07811111111111,320.199,0,1,20
"UGA_CEID-Walk","37",0.894371733696887,177.981530434783,1.28320503597122,356.731,0,1,20
"UGA_CEID-Walk","38",0.941830835587397,11.2028730434783,1.2315,22.167,0,1,20
"UGA_CEID-Walk","39",0.688929398595017,477.896545217391,1.03868557336621,842.374,0,1,20
"UGA_CEID-Walk","40",1.07517270652255,113.051137826087,1.35691275167785,202.18,0,1,20
"UGA_CEID-Walk","41",0.801716688165108,194.566183043478,1.00582638888889,289.678,0,0,20
"UGA_CEID-Walk","42",0.644754276676089,288.182174782609,0.971388698630137,567.291,0,1,20
"UGA_CEID-Walk","44",0.759873937677054,14.461392173913,0.931769230769231,24.226,1,1,20
"UGA_CEID-Walk","45",2.93288191053488,90.8785339130435,2.91121276595745,136.827,1,1,20
"UGA_CEID-Walk","46",0.670285341873976,27.3890247826087,1.01772549019608,51.904,0,1,20
"UGA_CEID-Walk","47",1.72044268537074,48.5239639130435,0.0585227272727283,2.57500000000005,1,1,20
"UGA_CEID-Walk","48",1.1143399162112,306.001616956522,0.974561743341404,402.494,1,1,20
"UGA_CEID-Walk","49",1.10707819031694,50.6637486956522,1.06975862068965,62.046,0,0,20
"UGA_CEID-Walk","50",0.797118593371059,21.4355586956522,1.18866666666667,39.226,0,1,20
"UGA_CEID-Walk","51",5.60735633039946,72.0179591304348,2.34111111111111,42.14,1,1,20
"UGA_CEID-Walk","53",0.752821572628595,137.62494826087,0.922052401746725,211.15,0,0,20
"UGA_CEID-Walk","54",0.672147498372503,61.9492047826087,1.03250847457627,121.836,0,1,20
"UGA_CEID-Walk","55",0.623379449474336,63.8833839130435,0.938517730496454,132.331,1,1,20
"UGA_CEID-Walk","56",0.938541289748533,38.5234473913044,NA,50.29,0,0,20
"UGA_CEID-Walk","72",1.93766491962844,36.0060265217391,0.907344827586206,26.313,1,1,20
"UGA_flucast-Copycat","01",1.45418646462052,39.3869565217391,1.66666666666667,70,0,1,20
"UGA_flucast-Copycat","02",2.27603305785124,2.39478260869565,NA,2,1,1,20
"UGA_flucast-Copycat","04",0.794123370305507,24.8408695652174,0.0869565217391304,4,1,1,20
"UGA_flucast-Copycat","05",1.25389937237194,105.277391304348,1.20689655172414,140,0,0,20
"UGA_flucast-Copycat","06",0.539738706542525,239.542608695652,0.667192429022082,423,0,1,20
"UGA_flucast-Copycat","08",0.447758413710312,18.8113043478261,0.444444444444444,28,1,1,20
"UGA_flucast-Copycat","09",0.504484624145786,30.8130434782609,NA,56,0,1,20
"UGA_flucast-Copycat","10",0.586918918918919,4.72086956521739,NA,2,1,1,20
"UGA_flucast-Copycat","11",1.21498132337246,63.3565217391304,1.14285714285714,72,0,0,20
"UGA_flucast-Copycat","12",2.0583485262838,117.809130434783,2.33333333333333,217,0,1,20
"UGA_flucast-Copycat","13",1.37634100401278,58.4573913043478,1.46153846153846,95,0,1,20
"UGA_flucast-Copycat","15",0.49540157480315,6.83869565217391,0.631578947368421,12,0,1,20
"UGA_flucast-Copycat","16",0.744749332844426,31.7904347826087,0.883333333333333,53,0,1,20
"UGA_flucast-Copycat","17",0.430753303479427,115.596956521739,0.579831932773109,207,0,1,20
"UGA_flucast-Copycat","18",0.373571601790137,88.4091304347826,0.54635761589404,165,1,1,20
"UGA_flucast-Copycat","19",0.565507821270863,13.1404347826087,0.0588235294117647,2,1,1,20
"UGA_flucast-Copycat","20",0.394488463344797,22.6426086956522,0.474358974358974,37,1,1,20
"UGA_flucast-Copycat","21",0.461110890801179,30.3334782608696,0.157894736842105,15,1,1,20
"UGA_flucast-Copycat","22",2.0204753722795,24.5408695652174,2.42105263157895,46,0,1,20
"UGA_flucast-Copycat","23",0.402470153153515,17.4126086956522,NA,30,0,1,20
"UGA_flucast-Copycat","24",0.555589547864261,112.911739130435,0.760162601626016,187,0,1,20
"UGA_flucast-Copycat","25",0.339113109093898,68.1534782608696,0.373584905660377,99,1,1,20
"UGA_flucast-Copycat","26",0.469683512873405,85.5330434782609,0.602362204724409,153,1,1,20
"UGA_flucast-Copycat","27",0.623248911346644,52.7691304347826,0.773913043478261,89,0,1,20
"UGA_flucast-Copycat","28",0.443933453960595,7.68043478260869,0.464285714285714,13,1,1,20
"UGA_flucast-Copycat","29",1.2236385007183,40.7365217391304,1,50,1,1,20
"UGA_flucast-Copycat","30",0.489452845001195,12.4691304347826,NA,23,1,1,20
"UGA_flucast-Copycat","31",0.390922691072293,23.1769565217391,0.567567567567568,42,0,1,20
"UGA_flucast-Copycat","32",0.47581641053787,6.03086956521739,NA,10,1,1,20
"UGA_flucast-Copycat","33",5.56377858002407,12.0613043478261,7.33333333333333,22,1,1,20
"UGA_flucast-Copycat","34",0.384208598711891,74.8017391304348,0.48689138576779,130,0,1,16
"UGA_flucast-Copycat","35",0.520361758169397,21.9891304347826,NA,41,0,1,20
"UGA_flucast-Copycat","36",0.415160879205293,82.7130434782609,0.407407407407407,121,1,1,20
"UGA_flucast-Copycat","37",0.431394525719679,85.8482608695652,0.564748201438849,157,0,1,20
"UGA_flucast-Copycat","38",0.43965202134659,5.2295652173913,0.555555555555556,10,0,1,20
"UGA_flucast-Copycat","39",0.506614376758109,351.428260869565,0.749691738594328,608,0,1,20
"UGA_flucast-Copycat","40",0.502844879630166,52.8726086956522,0.610738255033557,91,0,1,20
"UGA_flucast-Copycat","41",0.792273101866781,192.274347826087,0.902777777777778,260,0,0,20
"UGA_flucast-Copycat","42",0.363730012509509,162.574347826087,0.453767123287671,265,1,1,20
"UGA_flucast-Copycat","44",0.355912455450973,6.77347826086957,0.423076923076923,11,1,1,20
"UGA_flucast-Copycat","45",0.480243587584891,14.8808695652174,0.170212765957447,8,1,1,20
"UGA_flucast-Copycat","46",0.647272882041242,26.4486956521739,0.725490196078431,37,0,0,20
"UGA_flucast-Copycat","47",1.760567288423,49.655652173913,2.02272727272727,89,0,1,20
"UGA_flucast-Copycat","48",0.380304882296687,104.433043478261,0.457627118644068,189,0,1,20
"UGA_flucast-Copycat","49",0.522782549213346,23.924347826087,0.741379310344828,43,0,1,20
"UGA_flucast-Copycat","50",0.506176232821342,13.6117391304348,0.666666666666667,22,0,1,20
"UGA_flucast-Copycat","51",2.50683818551117,32.1965217391304,3.05555555555556,55,1,1,20
"UGA_flucast-Copycat","53",0.5860374630174,107.134782608696,0.781659388646288,179,0,1,20
"UGA_flucast-Copycat","54",0.376975403572001,34.744347826087,0.440677966101695,52,1,1,20
"UGA_flucast-Copycat","55",0.417879356136138,42.8239130434783,0.49645390070922,70,1,1,20
"UGA_flucast-Copycat","56",0.694076647670699,28.4891304347826,NA,41,0,0,20
"UGA_flucast-Copycat","72",1.28543016916634,23.8860869565217,1.44827586206897,42,0,1,20
"UGA_flucast-INFLAenza","01",0.974109814434314,26.3839760869565,1.04761904761905,44,1,1,20
"UGA_flucast-INFLAenza","02",4.60707644628099,4.84744565217391,NA,6,1,1,20
"UGA_flucast-INFLAenza","04",1.38194402746504,43.2284108695652,0.521739130434783,24,1,1,20
"UGA_flucast-INFLAenza","05",0.847391200778838,71.1469652173913,1.05172413793103,122,0,1,20
"UGA_flucast-INFLAenza","06",0.63750606406157,282.932952173913,0.788643533123028,500,0,1,20
"UGA_flucast-INFLAenza","08",0.694106470174277,29.1609217391304,0.53968253968254,34,1,1,20
"UGA_flucast-INFLAenza","09",0.550765375854214,33.6397913043479,NA,52,1,1,20
"UGA_flucast-INFLAenza","10",0.834702702702703,6.71391304347827,0,0,1,1,20
"UGA_flucast-INFLAenza","11",0.910845325840448,47.4970195652174,1.07142857142857,67.5,0,0,20
"UGA_flucast-INFLAenza","12",1.99912636736554,114.419563043478,1.24731182795699,116,1,1,20
"UGA_flucast-INFLAenza","13",0.831301746376218,35.3079152173913,0.984615384615385,64,1,1,20
"UGA_flucast-INFLAenza","15",0.580095118110236,8.0078347826087,0.578947368421053,11,1,1,20
"UGA_flucast-INFLAenza","16",0.465751186620221,19.8810956521739,0.583333333333333,35,0,1,20
"UGA_flucast-INFLAenza","17",0.402924275956373,108.128758695652,0.418767507002801,149.5,1,1,20
"UGA_flucast-INFLAenza","18",0.443672563363928,104.999163043478,0.447019867549669,135,1,1,20
"UGA_flucast-INFLAenza","19",0.905023576079635,21.0296,0.176470588235294,6,1,1,20
"UGA_flucast-INFLAenza","20",0.442440915357462,25.3949543478261,0.423076923076923,33,1,1,20
"UGA_flucast-INFLAenza","21",0.639103779196574,42.0424695652174,0.0315789473684211,3,1,1,20
"UGA_flucast-INFLAenza","22",2.21240352949599,26.8720456521739,1.63157894736842,31,1,1,20
"UGA_flucast-INFLAenza","23",0.493575441170559,21.3542195652174,NA,23,1,1,20
"UGA_flucast-INFLAenza","24",0.424977910942053,86.3677065217391,0.630081300813008,155,0,1,20
"UGA_flucast-INFLAenza","25",0.439960994626215,88.421447826087,0.437735849056604,116,1,1,20
"UGA_flucast-INFLAenza","26",0.54000689987776,98.3394826086957,0.238188976377953,60.5,1,1,20
"UGA_flucast-INFLAenza","27",0.543759345986361,46.0389217391304,0.721739130434783,83,0,1,20
"UGA_flucast-INFLAenza","28",0.996696320868517,17.2437130434783,1,28,1,1,20
"UGA_flucast-INFLAenza","29",1.50572567585216,50.1275717391304,0.94,47,1,1,20
"UGA_flucast-INFLAenza","30",0.45360907260129,11.5559869565217,NA,1,1,1,20
"UGA_flucast-INFLAenza","31",0.423786025432305,25.125352173913,0.594594594594595,44,0,1,20
"UGA_flucast-INFLAenza","32",1.02101056531284,12.9410869565217,NA,22,1,1,20
"UGA_flucast-INFLAenza","33",7.40774167669473,16.0586956521739,9.33333333333333,28,1,1,20
"UGA_flucast-INFLAenza","34",0.544132714588153,105.937434782609,0.606741573033708,162,1,1,16
"UGA_flucast-INFLAenza","35",0.530682823689192,22.4252717391304,NA,39,0,1,20
"UGA_flucast-INFLAenza","36",0.600832285829012,119.7046,0.468013468013468,139,1,1,20
"UGA_flucast-INFLAenza","37",0.524764716934962,104.429091304348,0.638489208633094,177.5,1,1,20
"UGA_flucast-INFLAenza","38",0.808465531106075,9.61652173913044,0.944444444444444,17,0,1,20
"UGA_flucast-INFLAenza","39",0.321989085933622,223.357389130435,0.425400739827374,345,1,1,20
"UGA_flucast-INFLAenza","40",0.691225283040713,72.6802347826087,0.838926174496644,125,0,1,20
"UGA_flucast-INFLAenza","41",0.630454889103873,153.00317826087,0.791666666666667,228,0,0,20
"UGA_flucast-INFLAenza","42",0.495670304411012,221.546954347826,0.295376712328767,172.5,1,1,20
"UGA_flucast-INFLAenza","44",0.449945170428585,8.56304347826087,0.288461538461538,7.5,1,1,20
"UGA_flucast-INFLAenza","45",1.17738059156985,36.4824173913043,0.48936170212766,23,1,1,20
"UGA_flucast-INFLAenza","46",0.799877902151476,32.684402173913,1,51,0,0,20
"UGA_flucast-INFLAenza","47",1.31022236781255,36.9539673913044,1.34090909090909,59,1,1,20
"UGA_flucast-INFLAenza","48",0.730864725105607,200.697995652174,0.849878934624697,351,0,1,20
"UGA_flucast-INFLAenza","49",0.443463032986243,20.2944108695652,0.620689655172414,36,0,1,20
"UGA_flucast-INFLAenza","50",0.438708569118836,11.7974456521739,0.636363636363636,21,0,1,20
"UGA_flucast-INFLAenza","51",3.23821428571428,41.5899347826087,0.444444444444444,8,1,1,20
"UGA_flucast-INFLAenza","53",0.512069039736675,93.6124543478261,0.733624454148472,168,0,1,20
"UGA_flucast-INFLAenza","54",0.393440221339548,36.2618456521739,0.135593220338983,16,1,1,20
"UGA_flucast-INFLAenza","55",0.525773094840095,53.8807695652174,0.180851063829787,25.5,1,1,20
"UGA_flucast-INFLAenza","56",0.556401341016461,22.838097826087,NA,38,0,1,20
"UGA_flucast-INFLAenza","72",1.17326142399214,21.801747826087,1.3448275862069,39,1,1,20
"UGA_flucast-Scenariocast","01",2.30165660716579,62.3408695652174,2.95238095238095,124,0,1,20
"UGA_flucast-Scenariocast","02",4.81528925619835,5.06652173913043,NA,4,1,1,20
"UGA_flucast-Scenariocast","04",2.26522669780113,70.8582608695652,2.32608695652174,107,1,1,20
"UGA_flucast-Scenariocast","05",1.17713921743273,98.8326086956522,1.44827586206897,168,0,1,20
"UGA_flucast-Scenariocast","06",0.362779789335089,161.006086956522,0.222397476340694,141,1,1,20
"UGA_flucast-Scenariocast","08",0.962536738833465,40.4382608695652,0.587301587301587,37,1,1,20
"UGA_flucast-Scenariocast","09",0.615931093394077,37.62,NA,29,1,1,20
"UGA_flucast-Scenariocast","10",1.14654054054054,9.22217391304348,NA,10,1,1,20
"UGA_flucast-Scenariocast","11",1.20484258271078,62.8278260869565,1.26984126984127,80,0,0,20
"UGA_flucast-Scenariocast","12",2.99551048313583,171.447391304348,3.06451612903226,285,1,1,20
"UGA_flucast-Scenariocast","13",2.06687617721726,87.7865217391304,2.53846153846154,165,0,1,20
"UGA_flucast-Scenariocast","15",0.442204724409449,6.10434782608696,0.210526315789474,4,1,1,20
"UGA_flucast-Scenariocast","16",0.485913341074375,20.7417391304348,0.483333333333333,29,1,1,20
"UGA_flucast-Scenariocast","17",0.481475240915836,129.208695652174,0.0504201680672269,18,1,1,20
"UGA_flucast-Scenariocast","18",0.50408586188905,119.29652173913,0.0794701986754967,24,1,1,20
"UGA_flucast-Scenariocast","19",1.65983085098421,38.5686956521739,1.79411764705882,61,1,1,20
"UGA_flucast-Scenariocast","20",0.533246473858833,30.6069565217391,0.102564102564103,8,1,1,20
"UGA_flucast-Scenariocast","21",1.00856565015664,66.3469565217391,0.452631578947368,43,1,1,20
"UGA_flucast-Scenariocast","22",3.2739833906071,39.7660869565217,3.26315789473684,62,1,1,20
"UGA_flucast-Scenariocast","23",0.513797885597138,22.2291304347826,NA,10,1,1,20
"UGA_flucast-Scenariocast","24",0.379811991630761,77.1886956521739,0.426829268292683,105,1,1,20
"UGA_flucast-Scenariocast","25",0.531892247384498,106.897391304348,0.0415094339622641,11,1,1,20
"UGA_flucast-Scenariocast","26",0.714571873328749,130.129130434783,0.094488188976378,24,1,1,20
"UGA_flucast-Scenariocast","27",0.605640456823597,51.2782608695652,0.660869565217391,76,1,1,20
"UGA_flucast-Scenariocast","28",0.889575794129473,15.3904347826087,0.428571428571429,12,1,1,20
"UGA_flucast-Scenariocast","29",2.86405903095207,95.3482608695652,3.04,152,1,1,20
"UGA_flucast-Scenariocast","30",0.837150561490938,21.3269565217391,NA,25,1,1,20
"UGA_flucast-Scenariocast","31",0.38405127528197,22.7695652173913,0.27027027027027,20,1,1,20
"UGA_flucast-Scenariocast","32",0.858980515916575,10.8873913043478,NA,4,1,1,20
"UGA_flucast-Scenariocast","33",9.56197352587245,20.7286956521739,12.3333333333333,37,1,1,20
"UGA_flucast-Scenariocast","34",0.504991201193422,98.3169565217391,0.149812734082397,40,1,1,16
"UGA_flucast-Scenariocast","35",0.45207424479381,19.1034782608696,NA,16,1,1,20
"UGA_flucast-Scenariocast","36",0.799108311946786,159.207391304348,0.32996632996633,98,1,1,20
"UGA_flucast-Scenariocast","37",0.529315889745337,105.334782608696,0.233812949640288,65,1,1,20
"UGA_flucast-Scenariocast","38",0.432707069230207,5.14695652173913,0.222222222222222,4,1,1,20
"UGA_flucast-Scenariocast","39",0.375882501892866,260.742173913043,0.11960542540074,97,1,1,20
"UGA_flucast-Scenariocast","40",0.338420761005301,35.5839130434783,0.302013422818792,45,1,1,20
"UGA_flucast-Scenariocast","41",0.475801712709162,115.470869565217,0.677083333333333,195,0,1,20
"UGA_flucast-Scenariocast","42",0.753461515265297,336.770434782609,0.0547945205479452,32,1,1,20
"UGA_flucast-Scenariocast","44",0.523439641780134,9.96173913043478,0.0769230769230769,2,1,1,20
"UGA_flucast-Scenariocast","45",1.54122467306505,47.7565217391304,1.40425531914894,66,1,1,20
"UGA_flucast-Scenariocast","46",0.364048434806665,14.875652173913,0.529411764705882,27,0,1,20
"UGA_flucast-Scenariocast","47",2.85867118853091,80.6269565217391,3.72727272727273,164,0,1,20
"UGA_flucast-Scenariocast","48",0.538300284362591,147.819130434783,0.0242130750605327,10,1,1,20
"UGA_flucast-Scenariocast","49",0.340788173595804,15.595652173913,0.275862068965517,16,1,1,20
"UGA_flucast-Scenariocast","50",0.385238480194018,10.3595652173913,0.545454545454545,18,1,1,20
"UGA_flucast-Scenariocast","51",5.38652674339878,69.1817391304348,5.27777777777778,95,1,1,20
"UGA_flucast-Scenariocast","53",0.463640514854876,84.7591304347826,0.650655021834061,149,1,1,20
"UGA_flucast-Scenariocast","54",0.651569472879773,60.0526086956522,0.457627118644068,54,1,1,20
"UGA_flucast-Scenariocast","55",0.790443017029978,81.0039130434783,0.0425531914893617,6,1,1,20
"UGA_flucast-Scenariocast","56",0.469705315340127,19.2795652173913,NA,34,0,1,20
"UGA_flucast-Scenariocast","72",1.91649313273591,35.6126086956522,2.3448275862069,68,0,1,20
"UI_CompEpi-EpiGen","01",1.1991620649801,32.4795652173913,0.738095238095238,31,1,1,20
"UI_CompEpi-EpiGen","02",4.21735537190083,4.43739130434783,NA,7,1,1,20
"UI_CompEpi-EpiGen","04",2.94778027965418,92.2091304347826,1.26086956521739,58,1,1,20
"UI_CompEpi-EpiGen","05",1.17453963585144,98.6143478260869,1.41379310344828,164,0,1,20
"UI_CompEpi-EpiGen","06",0.501048230352049,222.371304347826,0.613564668769716,389,1,1,20
"UI_CompEpi-EpiGen","08",0.9530674338701,40.0404347826087,0.619047619047619,39,1,1,20
"UI_CompEpi-EpiGen","09",0.452690774487471,27.6495652173913,NA,27,1,1,20
"UI_CompEpi-EpiGen","10",1.25156756756757,10.0669565217391,NA,4,1,1,20
"UI_CompEpi-EpiGen","11",0.251492462646745,13.114347826087,0.0317460317460318,2,1,1,20
"UI_CompEpi-EpiGen","12",3.51579307201459,201.225652173913,3.96774193548387,369,1,1,20
"UI_CompEpi-EpiGen","13",1.83172958807632,77.7991304347826,2.27692307692308,148,1,1,20
"UI_CompEpi-EpiGen","15",0.407244094488189,5.62173913043478,0.315789473684211,6,1,1,20
"UI_CompEpi-EpiGen","16",0.45143514840392,19.27,0.55,33,1,1,20
"UI_CompEpi-EpiGen","17",0.517714685659108,138.933913043478,0.697478991596639,249,0,1,20
"UI_CompEpi-EpiGen","18",0.323321379492795,76.5169565217391,0.221854304635762,67,1,1,20
"UI_CompEpi-EpiGen","19",1.11509243320111,25.9108695652174,1.23529411764706,42,1,1,20
"UI_CompEpi-EpiGen","20",0.300384807671914,17.2413043478261,0.0897435897435897,7,1,1,20
"UI_CompEpi-EpiGen","21",1.13341528862804,74.56,1.42105263157895,135,1,1,20
"UI_CompEpi-EpiGen","22",2.75347222222222,33.4439130434783,3,57,1,1,20
"UI_CompEpi-EpiGen","23",0.26704385577039,11.5534782608696,NA,15,1,1,20
"UI_CompEpi-EpiGen","24",0.453892166888449,92.2439130434783,0.723577235772358,178,0,1,20
"UI_CompEpi-EpiGen","25",0.340021720130494,68.3360869565218,0.347169811320755,92,1,1,20
"UI_CompEpi-EpiGen","26",0.447548991519597,81.5021739130435,0.44488188976378,113,1,1,20
"UI_CompEpi-EpiGen","27",0.445161654753102,37.6908695652174,0.130434782608696,15,1,1,20
"UI_CompEpi-EpiGen","28",1.40857458785686,24.3695652173913,1.39285714285714,39,1,1,20
"UI_CompEpi-EpiGen","29",1.38161159723129,45.995652173913,0.34,17,1,1,20
"UI_CompEpi-EpiGen","30",0.350172372597877,8.92086956521739,0,0,1,1,20
"UI_CompEpi-EpiGen","31",0.570437511916809,33.82,0.837837837837838,62,0,1,20
"UI_CompEpi-EpiGen","32",1.10187980241493,13.9660869565217,NA,7,1,1,20
"UI_CompEpi-EpiGen","33",6.63578018451665,14.3852173913043,8.66666666666667,26,0,1,20
"UI_CompEpi-EpiGen","34",0.461291950655221,89.8091304347826,0.47565543071161,127,1,1,20
"UI_CompEpi-EpiGen","35",0.559613959996707,23.6478260869565,NA,44,1,1,20
"UI_CompEpi-EpiGen","36",0.602301890745299,119.997391304348,0.131313131313131,39,1,1,20
"UI_CompEpi-EpiGen","37",0.478960201352839,95.3139130434783,0.424460431654676,118,1,1,20
"UI_CompEpi-EpiGen","38",0.401710651363404,4.77826086956522,0.0555555555555555,1,1,1,20
"UI_CompEpi-EpiGen","39",0.440076993275937,305.272608695652,0.776818742293465,630,0,1,20
"UI_CompEpi-EpiGen","40",0.644828356172314,67.8017391304348,0.812080536912752,121,1,1,20
"UI_CompEpi-EpiGen","41",0.484512164534738,117.584782608696,0.715277777777778,206,0,1,20
"UI_CompEpi-EpiGen","42",0.46403856741808,207.408695652174,0.570205479452055,333,1,1,20
"UI_CompEpi-EpiGen","44",0.651672301928173,12.4021739130435,0.730769230769231,19,1,1,20
"UI_CompEpi-EpiGen","45",1.50615984733681,46.67,0.765957446808511,36,1,1,20
"UI_CompEpi-EpiGen","46",0.201357706794918,8.22782608695652,0.235294117647059,12,1,1,20
"UI_CompEpi-EpiGen","47",1.74919068907045,49.3347826086957,1.43181818181818,63,1,1,20
"UI_CompEpi-EpiGen","48",1.63796652247984,449.791304347826,1.99031476997579,822,0,1,20
"UI_CompEpi-EpiGen","49",0.46111385574219,21.1021739130435,0.672413793103448,39,1,1,20
"UI_CompEpi-EpiGen","50",0.2842683912692,7.64434782608696,0.424242424242424,14,0,1,20
"UI_CompEpi-EpiGen","51",4.50443466486121,57.8526086956522,5.66666666666667,102,1,1,20
"UI_CompEpi-EpiGen","53",0.320854381308447,58.6560869565217,0.458515283842795,105,0,1,20
"UI_CompEpi-EpiGen","54",0.316833504731534,29.2013043478261,0.440677966101695,52,1,1,20
"UI_CompEpi-EpiGen","55",0.413284571195832,42.3530434782609,0.297872340425532,42,1,1,20
"UI_CompEpi-EpiGen","56",0.359309789632015,14.7482608695652,NA,28,0,1,20
"UM-DeepOutbreak","01",1.43606407492045,38.8961076570627,0.892589750744048,37.48876953125,1,1,20
"UM-DeepOutbreak","02",2.69876464758421,2.83956975963208,NA,0.612525939941406,1,1,20
"UM-DeepOutbreak","04",3.81869281613106,119.452031891028,1.98789049231488,91.4429626464844,1,1,20
"UM-DeepOutbreak","05",1.09671816885144,92.0804574567672,1.44604840771905,167.74161529541,1,1,20
"UM-DeepOutbreak","06",0.693240934234498,307.668766068122,0.951424872461554,603.203369140625,1,1,20
"UM-DeepOutbreak","08",0.994210978050997,41.7689645161355,0.445423913380455,28.0617065429687,1,1,20
"UM-DeepOutbreak","09",1.09824158280522,67.0786858923812,NA,119.699170589447,0,1,20
"UM-DeepOutbreak","10",2.15644490743088,17.3453177336832,NA,10.9354200176895,1,1,20
"UM-DeepOutbreak","11",0.687210725292233,35.8353502385431,1.14502603288681,72.1366400718689,0,1,20
"UM-DeepOutbreak","12",3.99296094647329,228.53625173641,2.63148350869456,244.727966308594,1,1,20
"UM-DeepOutbreak","13",1.60033944722233,67.9712869218499,0.825178762582632,53.6366195678711,1,1,20
"UM-DeepOutbreak","15",0.651422452324713,8.99246211361289,0.781261644865337,14.8439712524414,0,1,20
"UM-DeepOutbreak","16",0.801871120986106,34.2287403983365,0.985636647542318,59.1381988525391,0,1,20
"UM-DeepOutbreak","17",0.669613129695461,179.697379485074,0.745123235451407,266.008995056152,0,1,20
"UM-DeepOutbreak","18",0.668588461918539,158.22756401637,0.882294768529222,266.453020095825,1,1,20
"UM-DeepOutbreak","19",1.3028473229228,30.2736401418636,0.587572223999921,19.9774556159973,1,1,20
"UM-DeepOutbreak","20",1.40202344867642,80.4724885015517,1.84516493479411,143.92286491394,0,1,20
"UM-DeepOutbreak","21",1.05332274662202,69.2912340040891,0.506232914171721,48.0921268463135,1,1,20
"UM-DeepOutbreak","22",2.46857944815661,29.9835806363927,1.89092856959293,35.9276428222656,1,1,20
"UM-DeepOutbreak","23",0.843065782955829,36.4746912740733,NA,61.9307153224945,1,1,20
"UM-DeepOutbreak","24",0.669684184641541,136.09904334359,1.15329782264989,283.711264371872,0,1,20
"UM-DeepOutbreak","25",0.695286480385951,139.735653843271,0.824139593232353,218.396992206573,1,1,20
"UM-DeepOutbreak","26",0.900243655283108,163.941415012182,1.29870178943544,329.870254516602,0,1,20
"UM-DeepOutbreak","27",0.638101062665523,54.0266297996666,0.621494595900826,71.471878528595,1,1,20
"UM-DeepOutbreak","28",1.24146043666695,21.4783450851527,0.268918582371303,7.52972030639648,1,1,20
"UM-DeepOutbreak","29",2.14932450703814,71.5538163060481,1.01493255615234,50.7466278076172,1,1,20
"UM-DeepOutbreak","30",0.837362737578379,21.3323618459424,NA,36.979248046875,1,1,20
"UM-DeepOutbreak","31",0.624457827409098,37.0227470700693,0.896211833567232,66.3196756839752,0,1,20
"UM-DeepOutbreak","32",1.21329985703952,15.3783119271374,NA,8.32531356811523,1,1,20
"UM-DeepOutbreak","33",7.03552103690129,15.251786039126,4.91531880696615,14.7459564208984,1,1,20
"UM-DeepOutbreak","34",0.542392952252192,105.598719697002,0.613549221767469,163.817642211914,1,1,20
"UM-DeepOutbreak","35",0.690370326610423,29.1732490364871,NA,53.3167324066162,0,1,20
"UM-DeepOutbreak","36",1.74693951736621,348.045038661632,2.30950642595387,685.923408508301,0,1,20
"UM-DeepOutbreak","37",0.916749066625829,182.434658604743,0.977165654408846,271.652051925659,1,1,20
"UM-DeepOutbreak","38",0.610593414962481,7.2628759332798,0.46296011739307,8.33328211307526,1,1,20
"UM-DeepOutbreak","39",0.625815513265327,434.115705241892,1.00953239694918,818.730773925781,0,1,20
"UM-DeepOutbreak","40",1.32519626486591,139.340354044627,1.18042481185606,175.883296966553,1,1,20
"UM-DeepOutbreak","41",0.779540764650769,189.184375657725,1.09794765048557,316.208923339844,0,0,20
"UM-DeepOutbreak","42",0.784633192200155,350.703063034443,1.10120101824199,643.10139465332,1,1,20
"UM-DeepOutbreak","44",1.03399318978505,19.6782390883787,0.670290405933674,17.4275505542755,1,1,20
"UM-DeepOutbreak","45",1.78487971621244,55.3064380934906,0.408053783660241,19.1785278320313,1,1,20
"UM-DeepOutbreak","46",0.625413490208652,25.5554828855607,1.02237982726565,52.1413711905479,1,1,20
"UM-DeepOutbreak","47",2.34088885880333,66.0232435959008,1.52130768515847,66.9375381469727,1,1,20
"UM-DeepOutbreak","48",1.36383803899225,374.514669291755,1.28733888492169,531.670959472656,1,1,20
"UM-DeepOutbreak","49",0.650256193737853,29.757985186118,0.837728829219423,48.5882720947266,0,1,20
"UM-DeepOutbreak","50",0.566821045532516,15.2425572461679,0.832564252005382,27.4746203161776,1,1,20
"UM-DeepOutbreak","51",5.50656678544435,70.7234708008809,6.10997348361545,109.979522705078,1,1,20
"UM-DeepOutbreak","53",0.487968690713686,89.2066171508706,0.814499501057587,186.520385742188,0,1,20
"UM-DeepOutbreak","54",0.829825206762953,76.481742165228,1.12556000887337,132.816081047058,1,1,20
"UM-DeepOutbreak","55",1.0517520286226,107.782633326263,1.47711424117393,208.273108005524,1,1,20
"UM-DeepOutbreak","56",0.619498897220726,25.4280056047912,NA,49.8572435379028,0,1,20
"UM-DeepOutbreak","72",3.5938709279837,66.781934604824,0.0353434332485847,1.02495956420896,1,1,20
"UMass-AR2","01",2.49864999930319,67.6764784159093,2.52709113188301,106.137827539086,0,1,20
"UMass-AR2","02",3.33196312831887,3.50580468283985,NA,4.69730042129076,1,1,20
"UMass-AR2","04",1.02774601576723,32.1487890653865,0.411292126842706,18.9194378347645,1,1,20
"UMass-AR2","05",1.44203927264521,121.073617331292,1.41958348558438,164.671684327788,0,0,20
"UMass-AR2","06",0.139590856837981,61.9521216316489,0.162935244001705,103.300944697081,1,1,20
"UMass-AR2","08",0.364369267680717,15.3079450423706,0.205989794485156,12.9773570525648,1,1,20
"UMass-AR2","09",0.267454159232372,16.3356349082451,NA,20.9275474397236,1,1,20
"UMass-AR2","10",0.753579038289872,6.06139661233158,NA,2.18470577603819,1,1,20
"UMass-AR2","11",1.02423037910558,53.4096064123509,1.10680948032916,69.7289972607372,0,0,20
"UMass-AR2","12",4.23474875674622,242.374924494814,4.18075439668744,388.810158891932,0,1,20
"UMass-AR2","13",2.6800442364912,113.829635380153,2.57312554072097,167.253160146863,0,0,20
"UMass-AR2","15",0.612249987895759,8.45171178943059,0.80568826106339,15.3080769602044,0,1,20
"UMass-AR2","16",0.706392787488061,30.1531439521752,0.873497102414161,52.4098261448497,0,1,20
"UMass-AR2","17",0.161293616282318,43.2847548655228,0.15031552775195,53.6626434074462,1,1,20
"UMass-AR2","18",0.293722846938654,69.5121935453305,0.409338880273131,123.620341842485,0,1,20
"UMass-AR2","19",0.782992207448272,18.1940154499415,0.969391361669558,32.959306296765,1,1,20
"UMass-AR2","20",0.280005113766476,16.0715630820728,0.312186318464036,24.3505328401948,1,1,20
"UMass-AR2","21",0.872205836029297,57.3767336534368,1.14972498571686,109.223873643101,0,1,20
"UMass-AR2","22",2.19013642570819,26.6015874732974,2.61544521972422,49.6934591747601,0,1,20
"UMass-AR2","23",0.408285384426052,17.6642008841163,NA,30.9502655792542,1,1,20
"UMass-AR2","24",0.191872747828569,38.9940482723985,0.295926037349254,72.7978051879164,0,1,20
"UMass-AR2","25",0.220123116028065,44.2393868022944,0.289525616974001,76.7242884981104,1,1,20
"UMass-AR2","26",0.745743210826122,135.805674942652,0.965367788320284,245.203418233352,0,1,20
"UMass-AR2","27",0.407405563295018,34.4941433799212,0.556606103451798,64.0097018969567,0,1,20
"UMass-AR2","28",0.4807209608406,8.3168906407692,0.0880882305060544,2.46647045416952,1,1,20
"UMass-AR2","29",1.03430679758846,34.4334223875429,1.03841936005734,51.9209680028672,1,1,20
"UMass-AR2","30",0.557712156188255,14.208080904215,NA,24.5566397948956,1,1,20
"UMass-AR2","31",0.416961994874253,24.7207702369752,0.605388995587581,44.798785673481,0,1,20
"UMass-AR2","32",0.426551374452744,5.40644594262886,NA,2.53420333240209,1,1,20
"UMass-AR2","33",6.33614999979697,13.7356712604294,8.76428778116965,26.2928633435089,0,1,20
"UMass-AR2","34",0.230624279650933,44.900341276666,0.241964467742368,64.6045128872122,1,1,20
"UMass-AR2","35",0.563657883967872,23.818711764611,NA,43.7424471585223,0,1,20
"UMass-AR2","36",0.519366541916621,103.474073580668,0.653459596949551,194.077500294017,0,1,20
"UMass-AR2","37",0.164594934437889,32.7546782051998,0.00619190495733079,1.72134957813796,1,1,20
"UMass-AR2","38",0.694013227705213,8.2551364711127,0.847184926979339,15.2493286856281,0,1,20
"UMass-AR2","39",0.476342867113647,330.429520059395,0.76820399307131,623.013438380833,0,1,20
"UMass-AR2","40",0.320779664665147,33.7290054536043,0.413231559612964,61.5715023823316,0,1,20
"UMass-AR2","41",0.749718754089264,181.946962677194,0.813403785630995,234.260290261727,0,0,20
"UMass-AR2","42",0.20212774993238,90.3438979260808,0.079240771807821,46.2766107357675,1,1,20
"UMass-AR2","44",0.63113872396267,12.0113931414322,0.84403793399315,21.9449862838219,0,1,20
"UMass-AR2","45",1.13881416476449,35.2873947367113,1.41846101709128,66.6676678032904,0,1,20
"UMass-AR2","46",0.584242352883919,23.8731586124941,0.736418570725285,37.5573471069895,0,1,20
"UMass-AR2","47",3.13466375782065,88.4111469434025,3.38749119909859,149.049612760338,0,1,20
"UMass-AR2","48",0.185438404384374,50.9220308470949,0.107307051023351,44.3178120726438,1,1,20
"UMass-AR2","49",0.511538707526338,23.4097905214749,0.697725061606012,40.4680535731487,0,1,20
"UMass-AR2","50",0.526719923446821,14.1641857674721,0.733463706048828,24.2043022996113,0,1,20
"UMass-AR2","51",6.07256966183693,77.9929164394187,7.65831439549495,137.849659118909,0,1,20
"UMass-AR2","53",0.543297586044308,99.3214127864687,0.698291050328284,159.908650525177,0,1,20
"UMass-AR2","54",0.425979740682378,39.2608858214487,0.59827997315467,70.5970368322511,0,1,20
"UMass-AR2","55",0.225427954023112,23.1016607039807,0.106127493892874,14.9639766388952,1,1,20
"UMass-AR2","56",0.492973121327947,20.2346176052549,NA,34.54796567992,0,1,20
"UMass-AR2","72",1.2602013596733,23.4172808309031,1.44160913571279,41.8066649356711,1,1,20
"UMass-flusion","01",1.89305780893815,51.273882289396,1.9659696702299,82.570726149656,0,1,20
"UMass-flusion","02",2.37157482489848,2.49530916358883,NA,0.432305439179501,1,1,20
"UMass-flusion","04",0.789113079860542,24.6841433233246,0.330682429166349,15.2113917416521,1,1,20
"UMass-flusion","05",1.30697718115332,109.733804129633,1.34731188387241,156.288178529199,0,0,20
"UMass-flusion","06",0.411251745554845,182.51853122023,0.493054710660552,312.59668655879,0,1,20
"UMass-flusion","08",0.272193628124517,11.4354460427895,0.0317088051795875,1.99765472631401,1,1,20
"UMass-flusion","09",0.255283348295972,15.5922629428775,NA,25.831878459655,1,1,20
"UMass-flusion","10",0.811442811790295,6.52682261657412,NA,11.7136913880806,1,1,20
"UMass-flusion","11",1.09207573162118,56.9474760642253,1.17541272143708,74.0510014505363,0,0,20
"UMass-flusion","12",3.82575416350998,218.966207862806,3.66852002520161,341.17236234375,0,1,20
"UMass-flusion","13",1.88055663855361,79.8729638726196,1.96704686287817,127.858046087081,0,1,20
"UMass-flusion","15",0.414306990034326,5.71923779721299,0.533577387557874,10.1379703635996,0,1,20
"UMass-flusion","16",0.758923463718098,32.3954729656154,0.881743158162566,52.904589489754,0,1,20
"UMass-flusion","17",0.164520155467588,44.150628921282,0.179907164686498,64.2268577930799,1,1,20
"UMass-flusion","18",0.18450266217796,43.6642395939385,0.213706518714371,64.53936865174,1,1,20
"UMass-flusion","19",0.890147401164149,20.6839294381812,1.20128293366047,40.843619744456,0,1,20
"UMass-flusion","20",0.207542094076052,11.9123747858069,0.150775858369564,11.760516952826,1,1,20
"UMass-flusion","21",0.613440872276829,40.3542742857516,0.777223833165463,73.836264150719,1,1,20
"UMass-flusion","22",2.47571896484591,30.0702978269285,2.76176479708063,52.473531144532,0,1,20
"UMass-flusion","23",0.300281628104584,12.9914888041004,NA,20.568218951385,1,1,20
"UMass-flusion","24",0.234898472948305,47.7381102679715,0.332467047042842,81.786893572539,0,1,20
"UMass-flusion","25",0.16428098579232,33.0164782593849,0.120093069952415,31.8246635373901,1,1,20
"UMass-flusion","26",0.414024038453395,75.3970175904903,0.547114434594724,138.96706638706,1,1,20
"UMass-flusion","27",0.352094331898147,29.8110616593555,0.449354666030626,51.675786593522,0,1,20
"UMass-flusion","28",0.335270302679171,5.8004677757433,0.143936756408179,4.030229179429,1,1,20
"UMass-flusion","29",1.28599522875575,42.81245855036,1.55266129841046,77.633064920523,0,1,20
"UMass-flusion","30",0.431079355343658,10.9820277160897,NA,17.814661591831,1,1,20
"UMass-flusion","31",0.271383346032262,16.0897286224571,0.392784611951365,29.066061284401,0,1,20
"UMass-flusion","32",0.429443527211255,5.44310335011413,NA,7.597865104747,1,1,20
"UMass-flusion","33",8.24122879163865,17.8655507630914,11.3201638798677,33.960491639603,0,1,20
"UMass-flusion","34",0.159020949120564,30.9598577238256,0.120925505434453,32.287109950999,1,1,20
"UMass-flusion","35",0.576400792056631,24.3571938180731,NA,43.266230171784,0,1,20
"UMass-flusion","36",0.208451824209437,41.5301288309299,0.128716635551077,38.22884075867,1,1,20
"UMass-flusion","37",0.146783787799611,29.2102290482752,0.0269098337747014,7.48093378936699,1,1,20
"UMass-flusion","38",0.419999815524332,4.9958065013542,0.48723173858935,8.7701712946083,0,1,20
"UMass-flusion","39",0.254602011597577,176.612323405007,0.380692787271048,308.74185047682,0,1,20
"UMass-flusion","40",0.468281931804487,49.2384199233624,0.539579698578705,80.397375088227,0,1,20
"UMass-flusion","41",0.719019971629149,174.496768593025,0.79018590772601,227.573541425091,0,0,20
"UMass-flusion","42",0.23366321789908,104.439127799207,0.284760175029572,166.29994221727,1,1,20
"UMass-flusion","44",0.24624581317667,4.68637901494312,0.1386181140329,3.6040709648554,1,1,20
"UMass-flusion","45",0.870891255293128,26.9855121661872,1.03770780491664,48.772266831082,0,1,20
"UMass-flusion","46",0.463118000774152,18.9238069342419,0.559194008746173,28.5188944460548,0,1,20
"UMass-flusion","47",2.46081130023418,69.4055778461701,2.67141811545402,117.542397079977,0,1,20
"UMass-flusion","48",0.299812559450602,82.329571651429,0.366482743684043,151.35737314151,0,1,20
"UMass-flusion","49",0.391081377176852,17.8972441026638,0.557182353896983,32.316576526025,0,1,20
"UMass-flusion","50",0.342686119520212,9.21527673579354,0.458872661176957,15.1427978188396,0,1,20
"UMass-flusion","51",4.12401460376083,52.9666919109109,4.98795030649839,89.783105516971,0,1,20
"UMass-flusion","53",0.541528952875907,98.9980851120987,0.689519041543598,157.899860513484,0,1,20
"UMass-flusion","54",0.278250379956676,25.6452487147722,0.293147182217364,34.591367501649,1,1,20
"UMass-flusion","55",0.270314493063744,27.7015941930916,0.293876614425418,41.436602633984,1,1,20
"UMass-flusion","56",0.639317920493396,26.2414989574346,NA,41.9203475362679,0,1,20
"UMass-flusion","72",1.48894117196587,27.6677638037605,1.77453502588628,51.461515750702,0,1,20
"UMass-trends_ensemble","01",1.68934602542699,45.7563043478261,2,84,0,1,20
"UMass-trends_ensemble","02",1.37851239669421,1.4504347826087,NA,1,1,1,20
"UMass-trends_ensemble","04",0.440816723653851,13.7891304347826,0.33695652173913,15.5,1,1,20
"UMass-trends_ensemble","05",0.789897363133583,66.3197826086957,1.14655172413793,133,1,1,20
"UMass-trends_ensemble","06",0.373153351202232,165.61,0.554416403785489,351.5,1,1,20
"UMass-trends_ensemble","08",0.77427350250445,32.5289130434783,1,63,0,1,20
"UMass-trends_ensemble","09",0.715916856492027,43.7269565217391,NA,86,0,1,20
"UMass-trends_ensemble","10",1.02616216216216,8.25391304347826,NA,13,1,1,20
"UMass-trends_ensemble","11",0.846434765208111,44.1382608695652,1.11904761904762,70.5,0,1,20
"UMass-trends_ensemble","12",3.10283728350046,177.590217391304,3.20430107526882,298,1,1,20
"UMass-trends_ensemble","13",1.8667338874785,79.2858695652174,2.10769230769231,137,0,1,20
"UMass-trends_ensemble","15",1.00344881889764,13.8519565217391,0.947368421052632,18,0,0,20
"UMass-trends_ensemble","16",1.2755301595062,54.4473913043478,1.05833333333333,63.5,0,0,20
"UMass-trends_ensemble","17",0.585815128283228,157.209347826087,0.855742296918768,305.5,0,0,20
"UMass-trends_ensemble","18",0.884432021105387,209.308913043478,1,302,0,0,20
"UMass-trends_ensemble","19",1.59272322430956,37.009347826087,1,34,1,1,20
"UMass-trends_ensemble","20",0.783337373308892,44.9615217391304,1.08333333333333,84.5,0,1,20
"UMass-trends_ensemble","21",1.28831740492525,84.75,1.07368421052632,102,1,1,20
"UMass-trends_ensemble","22",1.97617769186712,24.0028260869565,2.31578947368421,44,1,1,20
"UMass-trends_ensemble","23",1.21982654660932,52.775,NA,79.5,0,0,20
"UMass-trends_ensemble","24",0.736140052115201,149.604782608696,1.16260162601626,286,0,1,20
"UMass-trends_ensemble","25",0.830945344882789,166.999782608696,1,265,0,0,20
"UMass-trends_ensemble","26",1.50023755634502,273.205,1.29724409448819,329.5,0,0,20
"UMass-trends_ensemble","27",0.351637601676115,29.7723913043478,0.517391304347826,59.5,1,1,20
"UMass-trends_ensemble","28",1.28181544028951,22.1765217391304,0.0178571428571429,0.5,1,1,20
"UMass-trends_ensemble","29",1.60848896434635,53.5486956521739,1,50,1,1,20
"UMass-trends_ensemble","30",1.31072294091545,33.3915217391304,NA,59,0,0,20
"UMass-trends_ensemble","31",0.974069022161599,57.7504347826087,0.993243243243243,73.5,0,0,20
"UMass-trends_ensemble","32",0.660074780461032,8.36630434782609,NA,8.5,1,1,20
"UMass-trends_ensemble","33",2.4265944645006,5.2604347826087,0.833333333333333,2.5,1,1,20
"UMass-trends_ensemble","34",0.533159664841398,103.801086956522,0.799625468164794,213.5,1,1,20
"UMass-trends_ensemble","35",1.18239155486048,49.9647826086957,NA,61,0,0,20
"UMass-trends_ensemble","36",0.474610022870511,94.5571739130435,0.617845117845118,183.5,1,1,20
"UMass-trends_ensemble","37",0.722696327757677,143.817826086957,0.872302158273381,242.5,1,1,20
"UMass-trends_ensemble","38",0.666002631771328,7.92195652173913,0.833333333333333,15,1,1,20
"UMass-trends_ensemble","39",0.972609848921693,674.68,1.22071516646116,990,0,0,20
"UMass-trends_ensemble","40",0.552005888239234,58.0417391304348,0.674496644295302,100.5,1,1,20
"UMass-trends_ensemble","41",1.08447812533591,263.188695652174,1,288,0,0,20
"UMass-trends_ensemble","42",0.778644926450704,348.02652173913,1.11215753424658,649.5,0,1,20
"UMass-trends_ensemble","44",0.661244631271132,12.584347826087,0.980769230769231,25.5,1,1,20
"UMass-trends_ensemble","45",1.64331116349554,50.9197826086957,0.202127659574468,9.5,1,1,20
"UMass-trends_ensemble","46",0.650480943159328,26.5797826086956,1,51,0,1,20
"UMass-trends_ensemble","47",2.03878526283336,57.5026086956522,1.75,77,1,1,20
"UMass-trends_ensemble","48",0.645868825880162,177.357826086957,0.472154963680387,195,1,1,20
"UMass-trends_ensemble","49",1.07069905753591,48.9989130434783,1,58,0,0,20
"UMass-trends_ensemble","50",0.725747776879547,19.5163043478261,1,33,0,0,20
"UMass-trends_ensemble","51",3.95396073121191,50.7826086956522,1,18,1,1,20
"UMass-trends_ensemble","53",1.00417986624428,183.576304347826,1,229,0,0,20
"UMass-trends_ensemble","54",1.33528790180298,123.068260869565,1.58898305084746,187.5,0,0,20
"UMass-trends_ensemble","55",0.692616099990666,70.9786956521739,1,141,0,1,20
"UMass-trends_ensemble","56",0.994804355655361,40.8328260869565,NA,51,0,0,20
"UMass-trends_ensemble","72",1.64275018133321,30.5258695652174,1,29,1,1,20
"UNC_IDD-InfluPaint","01",1.73467305617288,46.9839968292806,1.48823791540346,62.5059924469454,0,0,20
"UNC_IDD-InfluPaint","02",4.32496291706636,4.55061315621765,NA,8.28357126478336,0,1,20
"UNC_IDD-InfluPaint","04",0.654061536019139,20.4596135958404,0.505588125500817,23.2570537730376,1,1,20
"UNC_IDD-InfluPaint","05",0.709568291662589,59.575353767991,0.761212068816399,88.3005999827023,0,0,20
"UNC_IDD-InfluPaint","06",0.09469151870159,42.0252487660803,0.106498087596186,67.5197875359822,1,1,20
"UNC_IDD-InfluPaint","08",1.13791351372075,47.8062204364383,1.21232715976282,76.3766110650578,0,0,20
"UNC_IDD-InfluPaint","09",1.01021446136862,61.70214240568,NA,84.0221342811916,0,0,20
"UNC_IDD-InfluPaint","10",0.294640067679421,2.36993097916056,NA,2.37990140788145,1,1,20
"UNC_IDD-InfluPaint","11",0.325636123428334,16.9806496084785,0.369331131302885,23.2678612720817,0,0,20
"UNC_IDD-InfluPaint","12",4.85895032109042,278.100965334062,3.30734530582233,307.583113441477,0,0,20
"UNC_IDD-InfluPaint","13",0.993359059327496,42.190982516341,0.815476946896992,53.0060015483045,0,0,20
"UNC_IDD-InfluPaint","15",0.306161074557103,4.22635396399479,0.311889815458022,5.92590649370241,0,1,20
"UNC_IDD-InfluPaint","16",0.658941684668402,28.1276420510323,0.677728115454276,40.6636869272565,0,0,20
"UNC_IDD-InfluPaint","17",0.558003337431439,149.745775633101,0.60581796471642,216.277013403762,0,0,20
"UNC_IDD-InfluPaint","18",1.29359162546797,306.140269220967,1.43208237226707,432.488876424656,0,0,20
"UNC_IDD-InfluPaint","19",0.588217543657447,13.6681297405342,0.822129629137155,27.9524073906633,0,1,20
"UNC_IDD-InfluPaint","20",1.98618941618062,114.002091125073,1.79344481824089,139.888695822789,0,0,20
"UNC_IDD-InfluPaint","21",2.49835046895725,164.350183762682,2.25085482529012,213.831208402561,0,0,20
"UNC_IDD-InfluPaint","22",4.23366604500413,51.4224759274937,3.4094424980909,64.7794074637272,0,0,20
"UNC_IDD-InfluPaint","23",0.999106293000926,43.2256821756244,NA,64.5771739632057,0,0,20
"UNC_IDD-InfluPaint","24",1.20355659996893,244.59723795525,1.12948557258186,277.853450855138,0,0,20
"UNC_IDD-InfluPaint","25",0.342338391996477,68.8016815956607,0.396828496891061,105.159551676131,0,1,20
"UNC_IDD-InfluPaint","26",0.828205922783934,150.822780150524,0.810339255454645,205.82617088548,0,0,20
"UNC_IDD-InfluPaint","27",0.0743703073467211,6.29677224846568,0.0686623508854708,7.89617035182914,1,1,20
"UNC_IDD-InfluPaint","28",3.5881482774801,62.0780853293427,3.30809552215222,92.6266746202621,0,1,20
"UNC_IDD-InfluPaint","29",1.30747337461225,43.5274940408957,1.40815081453195,70.4075407265977,0,1,20
"UNC_IDD-InfluPaint","30",0.129506373992536,3.29925933813855,NA,2.77884110117333,1,1,20
"UNC_IDD-InfluPaint","31",0.614524315360066,36.4338107352736,0.647831591496462,47.9395377707382,0,0,20
"UNC_IDD-InfluPaint","32",0.125817871793258,1.59471417326828,NA,0.424854721361697,1,1,20
"UNC_IDD-InfluPaint","33",10.9758785801832,23.7937959133884,12.981726345579,38.9451790367371,0,1,20
"UNC_IDD-InfluPaint","34",0.460560908945942,89.6668036065589,0.532827656866478,142.26498438335,0,1,20
"UNC_IDD-InfluPaint","35",0.123241165138304,5.20785014005305,NA,9.16529371319473,0,1,20
"UNC_IDD-InfluPaint","36",0.151099973455091,30.1038447983798,0.136744106877788,40.6129997427031,1,1,20
"UNC_IDD-InfluPaint","37",0.251461870739123,50.0413496020781,0.334215981111786,92.9120427490766,0,1,20
"UNC_IDD-InfluPaint","38",1.23284668308018,14.6644432850902,1.13001037705393,20.3401867869707,0,0,20
"UNC_IDD-InfluPaint","39",0.943472903287672,654.468283552592,0.973994185450877,789.909284400661,0,0,20
"UNC_IDD-InfluPaint","40",0.359270324334131,37.776181172312,0.5087029386715,75.7967378620535,0,1,20
"UNC_IDD-InfluPaint","41",1.42701199161833,346.317197165878,1.40197890116643,403.769923535931,0,0,20
"UNC_IDD-InfluPaint","42",0.16169644495974,72.2725460672269,0.20820860127108,121.593823142311,0,1,20
"UNC_IDD-InfluPaint","44",0.674342435056113,12.833616116207,0.883361744402687,22.9674053544699,0,1,20
"UNC_IDD-InfluPaint","45",0.361181072922801,11.1915881326357,0.266514908046318,12.526200678177,1,1,20
"UNC_IDD-InfluPaint","46",1.52823889917826,62.4464992272049,1.58801097690897,80.9885598223574,0,0,20
"UNC_IDD-InfluPaint","47",0.506156125587419,14.2758034203721,0.199835980366717,8.79278313613554,1,1,20
"UNC_IDD-InfluPaint","48",0.203804429264465,55.9654051609936,0.246607991165461,101.849100351335,0,1,20
"UNC_IDD-InfluPaint","49",0.181093075076013,8.28744900443514,0.24615294681681,14.276870915375,1,1,20
"UNC_IDD-InfluPaint","50",1.58438175151812,42.6060918832155,1.66006535295437,54.7821566474943,0,0,20
"UNC_IDD-InfluPaint","51",13.839194562912,177.743394516705,14.5287448942241,261.517408096033,0,0,20
"UNC_IDD-InfluPaint","53",1.3249169008975,242.210938907204,1.16936699713426,267.785042343746,0,0,20
"UNC_IDD-InfluPaint","54",1.16163196980573,107.06307314059,1.04939464469263,123.828568073731,0,0,20
"UNC_IDD-InfluPaint","55",0.104604223479957,10.7197498620317,0.126800212754472,17.8788299983805,1,1,20
"UNC_IDD-InfluPaint","56",0.287145039044456,11.7861802417526,NA,14.6334183207546,0,0,20
"UVAFluX-CESGCN","01",1.52602068951765,41.3326021192136,1.614134652274,67.7936553955078,0,1,20
"UVAFluX-CESGCN","02",12.6063182781866,13.2640392318311,NA,15.767409324646,0,0,20
"UVAFluX-CESGCN","04",1.70888282554248,53.4553407680345,1.87555993121603,86.2757568359375,0,1,20
"UVAFluX-CESGCN","05",0.825998169743936,69.3508063317009,0.773906115827889,89.7731094360352,0,0,20
"UVAFluX-CESGCN","06",0.281270308530593,124.831187086155,0.394053654715842,249.830017089844,0,1,20
"UVAFluX-CESGCN","08",1.44101503002361,60.5401740526614,1.48397197420635,93.490234375,0,0,20
"UVAFluX-CESGCN","09",0.777689061020936,47.4998953444439,NA,64.2068328857422,0,0,20
"UVAFluX-CESGCN","10",1.15265036215756,9.2713181303978,NA,13.8002166748047,0,0,20
"UVAFluX-CESGCN","11",1.2567419849158,65.5341768273312,1.14639351859925,72.2227916717529,0,0,20
"UVAFluX-CESGCN","12",0.96859118854496,55.4371061130689,0.951723160282258,88.51025390625,1,1,20
"UVAFluX-CESGCN","13",0.903359442469471,38.3684248765033,1.09685316819411,71.2954559326172,0,1,20
"UVAFluX-CESGCN","15",0.317402875377625,4.38153969271287,0.344234165392424,6.54044914245606,0,1,20
"UVAFluX-CESGCN","16",0.580803836477944,24.792243068579,0.641943740844726,38.5166244506836,0,0,20
"UVAFluX-CESGCN","17",0.979597604243029,262.884813074659,0.937822870847558,334.802764892578,0,0,20
"UVAFluX-CESGCN","18",1.50918222684585,357.161753472967,1.34333245485824,405.686401367188,0,0,20
"UVAFluX-CESGCN","19",3.22511924852217,74.9405535295735,2.63966459386489,89.7485961914063,0,0,20
"UVAFluX-CESGCN","20",0.864194870077471,49.6025311210467,1.02661103468675,80.0756607055664,0,1,20
"UVAFluX-CESGCN","21",1.1645944544201,76.6110739750738,1.48392590974506,140.972961425781,0,1,20
"UVAFluX-CESGCN","22",9.79464969843933,118.966666945914,6.9503836380808,132.057289123535,0,0,20
"UVAFluX-CESGCN","23",1.73349957561083,74.998728595601,NA,96.7673110961914,0,0,20
"UVAFluX-CESGCN","24",0.163435506006734,33.2147847090016,0.247060202001556,60.7768096923828,0,1,20
"UVAFluX-CESGCN","25",1.69704707223042,341.065142111339,1.4470326549602,383.463653564453,0,0,20
"UVAFluX-CESGCN","26",3.43896460414853,626.262368051479,2.63612810270054,669.576538085938,0,0,20
"UVAFluX-CESGCN","27",0.179691010086825,15.2140471914208,0.00847227677055027,0.974311828613281,1,1,20
"UVAFluX-CESGCN","28",0.593091003487376,10.260990091639,0.611388751438686,17.1188850402832,1,1,20
"UVAFluX-CESGCN","29",8.12597062971462,270.524161355325,6.22789672851562,311.394836425781,0,0,20
"UVAFluX-CESGCN","30",3.09819694992413,78.9285878625455,NA,82.6568222045898,0,0,20
"UVAFluX-CESGCN","31",0.857499150366696,50.8392604966537,0.778303816511824,57.594482421875,0,0,20
"UVAFluX-CESGCN","32",0.280892676985879,3.56025361717058,NA,3.09899520874023,1,1,20
"UVAFluX-CESGCN","33",34.1019632629023,73.9271255777525,29.4889424641927,88.4668273925781,0,0,20
"UVAFluX-CESGCN","34",0.767705556437134,149.46492856777,0.876983871174216,234.154693603516,0,0,20
"UVAFluX-CESGCN","35",0.14038348648595,5.93223992110543,NA,8.60637664794922,1,1,20
"UVAFluX-CESGCN","36",0.943253863100945,187.925697476727,1.01736604324495,302.15771484375,0,1,20
"UVAFluX-CESGCN","37",0.0912952337831256,18.1679102971616,0.0654246378287995,18.1880493164062,1,1,20
"UVAFluX-CESGCN","38",0.210135233313187,2.4995129186879,0.274476369222005,4.94057464599609,0,1,20
"UVAFluX-CESGCN","39",0.760388726136038,527.466451546047,0.831932886314157,674.697570800781,0,0,20
"UVAFluX-CESGCN","40",0.296066642732648,31.1305064109471,0.427054181194945,63.6310729980469,0,1,20
"UVAFluX-CESGCN","41",0.159534695787924,38.7169897803929,0.214639690187242,61.8162307739258,0,1,20
"UVAFluX-CESGCN","42",1.94497145832506,869.332899410613,1.9365546866639,1130.94793701172,0,0,20
"UVAFluX-CESGCN","44",0.521703881828286,9.9287053545164,0.662607486431415,17.2277946472168,0,0,20
"UVAFluX-CESGCN","45",0.608109124697452,18.8429222169296,0.0735298319065825,3.45590209960938,1,1,20
"UVAFluX-CESGCN","46",0.522590367985569,21.3539512887042,0.630549112955729,32.1580047607422,0,0,20
"UVAFluX-CESGCN","47",3.95913298960263,111.664763928488,3.39756254716353,149.492752075195,0,0,20
"UVAFluX-CESGCN","48",0.232392175032124,63.8156995844302,0.0971966390171005,40.1422119140625,1,1,20
"UVAFluX-CESGCN","49",0.13385785519447,6.12580104623878,0.0825172292775121,4.7859992980957,1,1,20
"UVAFluX-CESGCN","50",0.0726605175207966,1.95393609072229,0.0922041228323272,3.0427360534668,1,1,20
"UVAFluX-CESGCN","51",13.4038710531804,172.152326483022,10.7189788818359,192.941619873047,0,0,20
"UVAFluX-CESGCN","53",0.529742486661093,96.8433756006158,0.510535161047523,116.912551879883,0,0,20
"UVAFluX-CESGCN","54",2.53361889786887,233.513739655669,2.07873056702695,245.29020690918,0,0,20
"UVAFluX-CESGCN","55",2.47634715546882,253.773903147092,1.94586971634669,274.367630004883,0,0,20
"UVAFluX-CESGCN","56",0.0937701114224162,3.84889614736723,NA,6.83715438842773,0,1,20
"UVAFluX-CESGCN","72",0.817038376890572,15.1823492130114,1.12740667935075,32.6947937011719,1,1,20
"UVAFluX-Ensemble","01",2.1182419416977,57.3730434782609,1.28571428571429,54,1,1,20
"UVAFluX-Ensemble","02",7.28429752066116,7.66434782608696,0,0,1,1,20
"UVAFluX-Ensemble","04",2.87148694854474,89.8226086956522,1.54347826086957,71,1,1,20
"UVAFluX-Ensemble","05",0.696252874039398,58.4573913043478,0.853448275862069,99,1,1,20
"UVAFluX-Ensemble","06",0.727514969121289,322.88,0.589905362776025,374,1,1,20
"UVAFluX-Ensemble","08",1.55171378896386,65.1908695652174,0.46031746031746,29,1,1,20
"UVAFluX-Ensemble","09",0.95688354214123,58.4447826086956,NA,60,1,1,20
"UVAFluX-Ensemble","10",2.57313513513514,20.6969565217391,NA,25,1,1,20
"UVAFluX-Ensemble","11",0.501550827107791,26.1539130434783,0.888888888888889,56,1,1,20
"UVAFluX-Ensemble","12",4.45014433302948,254.703043478261,2.10752688172043,196,1,1,20
"UVAFluX-Ensemble","13",2.09668536565392,89.0526086956522,0.523076923076923,34,1,1,20
"UVAFluX-Ensemble","15",0.778992125984252,10.7534782608696,0.789473684210526,15,1,1,20
"UVAFluX-Ensemble","16",0.657122776996883,28.05,0.883333333333333,53,1,1,20
"UVAFluX-Ensemble","17",0.898804007595248,241.203043478261,0.73109243697479,261,1,1,20
"UVAFluX-Ensemble","18",0.96055967489473,227.325217391304,0.966887417218543,292,1,1,20
"UVAFluX-Ensemble","19",2.28802110620462,53.165652173913,0.352941176470588,12,1,1,20
"UVAFluX-Ensemble","20",1.08455163846259,62.2504347826087,1.14102564102564,89,1,1,20
"UVAFluX-Ensemble","21",1.98738285019365,130.736956521739,0.568421052631579,54,1,1,20
"UVAFluX-Ensemble","22",4.31948024054983,52.4647826086957,2.78947368421053,53,1,1,20
"UVAFluX-Ensemble","23",0.913504441853921,39.5221739130435,NA,51,1,1,20
"UVAFluX-Ensemble","24",0.782113104534194,158.947826086957,1.30081300813008,320,0,1,20
"UVAFluX-Ensemble","25",0.960259083947006,192.988695652174,0.871698113207547,231,1,1,20
"UVAFluX-Ensemble","26",1.21926092520437,222.036956521739,0.97244094488189,247,1,1,20
"UVAFluX-Ensemble","27",0.601414222331772,50.9204347826087,0.156521739130435,18,1,1,20
"UVAFluX-Ensemble","28",2.36507338158424,40.9178260869565,0.75,21,1,1,20
"UVAFluX-Ensemble","29",4.4294893561447,147.46347826087,1.6,80,1,1,20
"UVAFluX-Ensemble","30",1.27799774720961,32.5578260869565,NA,44,1,1,20
"UVAFluX-Ensemble","31",0.723471348322846,42.8930434782609,0.972972972972973,72,1,1,20
"UVAFluX-Ensemble","32",1.47012211855104,18.6334782608696,NA,3,1,1,20
"UVAFluX-Ensemble","33",11.0527476935419,23.9604347826087,7,21,1,1,20
"UVAFluX-Ensemble","34",0.929013283071454,180.87,0.49438202247191,132,1,1,20
"UVAFluX-Ensemble","35",0.830387274672812,35.09,NA,55,1,1,20
"UVAFluX-Ensemble","36",1.20566437961557,240.206086956522,0.0875420875420876,26,1,1,20
"UVAFluX-Ensemble","37",1.09739700767308,218.383913043478,1.03597122302158,288,1,1,20
"UVAFluX-Ensemble","38",0.951385335185321,11.3165217391304,0.722222222222222,13,1,1,20
"UVAFluX-Ensemble","39",0.6581145046206,456.520869565217,0.833538840937115,676,1,1,20
"UVAFluX-Ensemble","40",1.07340864545688,112.865652173913,1.32885906040268,198,1,1,20
"UVAFluX-Ensemble","41",0.556693181411014,135.102173913043,0.822916666666667,237,0,0,20
"UVAFluX-Ensemble","42",1.10351764268719,493.233043478261,0.580479452054795,339,1,1,20
"UVAFluX-Ensemble","44",1.05256785159463,20.0317391304348,0.769230769230769,20,1,1,20
"UVAFluX-Ensemble","45",3.57978335297749,110.92347826087,1.97872340425532,93,1,1,20
"UVAFluX-Ensemble","46",0.652124874976059,26.6469565217391,1.01960784313725,52,0,1,20
"UVAFluX-Ensemble","47",3.28045321412055,92.5230434782609,1.11363636363636,49,1,1,20
"UVAFluX-Ensemble","48",1.44368164056315,396.44,1.16464891041162,481,1,1,20
"UVAFluX-Ensemble","49",0.545736110055484,24.9747826086957,0.655172413793103,38,1,1,20
"UVAFluX-Ensemble","50",0.545416329830235,14.6669565217391,0.878787878787879,29,1,1,20
"UVAFluX-Ensemble","51",9.41936357481381,120.977391304348,1.22222222222222,22,1,1,20
"UVAFluX-Ensemble","53",0.553728226642693,101.228260869565,0.864628820960699,198,1,1,20
"UVAFluX-Ensemble","54",1.18310045192516,109.041739130435,1.22033898305085,144,1,1,20
"UVAFluX-Ensemble","55",1.14689311079244,117.532608695652,0.304964539007092,43,1,1,20
"UVAFluX-Ensemble","56",0.588225324661568,24.144347826087,NA,46,0,1,20
"UVAFluX-Ensemble","72",2.22745033809869,41.3908695652174,1.06896551724138,31,1,1,20
"VTSanghani-PRIME","01",1.23893989983306,33.5569565217391,1.4047619047619,59,1,1,20
"VTSanghani-PRIME","02",6.82644628099174,7.18260869565218,NA,5,1,1,20
"VTSanghani-PRIME","04",2.27580407527868,71.1891304347826,0.891304347826087,41,1,1,20
"VTSanghani-PRIME","05",1.06741305383516,89.62,1.16379310344828,135,0,0,20
"VTSanghani-PRIME","06",0.735560871814164,326.450869565217,0.913249211356467,579,0,0,20
"VTSanghani-PRIME","08",0.871165707662375,36.5995652173913,0.174603174603175,11,1,1,20
"VTSanghani-PRIME","09",0.522529897494305,31.9152173913043,NA,43,1,1,20
"VTSanghani-PRIME","10",1.09735135135135,8.82652173913044,NA,2,1,1,20
"VTSanghani-PRIME","11",0.941568836712913,49.0991304347826,1.0952380952381,69,0,0,20
"VTSanghani-PRIME","12",1.7278030993619,98.8904347826087,1.29032258064516,120,1,1,20
"VTSanghani-PRIME","13",1.04102858078781,44.215652173913,1.29230769230769,84,1,1,20
"VTSanghani-PRIME","15",0.739527559055118,10.2086956521739,0.473684210526316,9,1,1,20
"VTSanghani-PRIME","16",0.823565360875145,35.1547826086956,0.85,51,1,1,20
"VTSanghani-PRIME","17",0.475323543325967,127.557826086956,0.649859943977591,232,1,1,20
"VTSanghani-PRIME","18",0.638643729010354,151.140869565217,0.536423841059603,162,1,1,20
"VTSanghani-PRIME","19",1.25737220267944,29.2169565217391,0.205882352941176,7,1,1,20
"VTSanghani-PRIME","20",0.478358355931947,27.4565217391304,0.397435897435897,31,1,1,20
"VTSanghani-PRIME","21",1.66112146567792,109.274347826087,0.473684210526316,45,1,1,20
"VTSanghani-PRIME","22",3.27137027491409,39.734347826087,2.68421052631579,51,1,1,20
"VTSanghani-PRIME","23",0.598112714555614,25.8769565217391,NA,18,1,1,20
"VTSanghani-PRIME","24",0.484331209646019,98.43,0.75609756097561,186,1,1,20
"VTSanghani-PRIME","25",0.552604252299651,111.06,0.384905660377358,102,1,1,20
"VTSanghani-PRIME","26",1.16441764076706,212.049565217391,0.354330708661417,90,1,1,20
"VTSanghani-PRIME","27",0.522851450168433,44.2686956521739,0.608695652173913,70,1,1,20
"VTSanghani-PRIME","28",0.869948733413751,15.0508695652174,0.107142857142857,3,1,1,20
"VTSanghani-PRIME","29",1.47923468721431,49.2456521739131,0.28,14,1,1,20
"VTSanghani-PRIME","30",0.852920094207598,21.7286956521739,NA,17,1,1,20
"VTSanghani-PRIME","31",0.4872691805635,28.8891304347826,0.621621621621622,46,1,1,20
"VTSanghani-PRIME","32",1.52154226125137,19.2852173913043,NA,14,1,1,20
"VTSanghani-PRIME","33",12.5455274769354,27.1965217391304,10,30,1,1,20
"VTSanghani-PRIME","34",0.497909725137789,96.9382608695652,0.00374531835205993,1,1,1,20
"VTSanghani-PRIME","35",0.650063791258539,27.47,NA,54,0,1,20
"VTSanghani-PRIME","36",1.10111253688088,219.376086956522,0.323232323232323,96,1,1,20
"VTSanghani-PRIME","37",0.560384003635537,111.517391304348,0.694244604316547,193,1,1,20
"VTSanghani-PRIME","38",0.869544557350684,10.3430434782609,0.722222222222222,13,1,1,20
"VTSanghani-PRIME","39",0.455831030972808,316.200869565217,0.600493218249075,487,1,1,20
"VTSanghani-PRIME","40",0.471311373729521,49.5569565217391,0.416107382550336,62,1,1,20
"VTSanghani-PRIME","41",0.535972267010642,130.07347826087,0.892361111111111,257,1,1,20
"VTSanghani-PRIME","42",0.53896235279927,240.896956521739,0.448630136986301,262,1,1,20
"VTSanghani-PRIME","44",0.478570775838436,9.10782608695652,0.384615384615385,10,1,1,20
"VTSanghani-PRIME","45",1.29600942919683,40.1582608695652,0.106382978723404,5,1,1,20
"VTSanghani-PRIME","46",0.44760698857228,18.29,0.705882352941176,36,0,1,20
"VTSanghani-PRIME","47",1.95976568521659,55.2739130434783,2.18181818181818,96,1,1,20
"VTSanghani-PRIME","48",0.551451262531904,151.430434782609,0.612590799031477,253,1,1,20
"VTSanghani-PRIME","49",0.447879455802995,20.4965217391304,0.672413793103448,39,1,1,20
"VTSanghani-PRIME","50",0.508779304769604,13.6817391304348,0.787878787878788,26,1,1,20
"VTSanghani-PRIME","51",5.05724441435342,64.9526086956522,4.88888888888889,88,1,1,20
"VTSanghani-PRIME","53",0.653697784373603,119.503913043478,0.751091703056769,172,1,1,20
"VTSanghani-PRIME","54",0.662391146418092,61.05,0.220338983050847,26,1,1,20
"VTSanghani-PRIME","55",0.889759102595651,91.1817391304348,0.148936170212766,21,1,1,20
"VTSanghani-PRIME","56",0.481960892316166,19.7826086956522,NA,39,1,1,20
"VTSanghani-PRIME","72",1.56185217248883,29.0226086956522,1.41379310344828,41,1,1,20
"fjordhest-ensemble","01",2.19846458841659,59.5458913043478,2.16095238095238,90.76,0,0,20
"fjordhest-ensemble","02",2.86857851239669,3.01824347826087,NA,5.52,0,1,16
"fjordhest-ensemble","04",1.8466454007172,57.7646739130435,1.56739130434783,72.1,1,1,20
"fjordhest-ensemble","05",1.51761273484268,127.418765217391,1.34594827586207,156.13,0,0,20
"fjordhest-ensemble","06",0.358411911423556,159.067569565217,0.454463722397477,288.13,0,1,20
"fjordhest-ensemble","08",0.275518069296684,11.5751130434783,0.0738095238095234,4.64999999999998,1,1,20
"fjordhest-ensemble","09",0.232353858200456,14.1917695652174,NA,25.83,1,1,20
"fjordhest-ensemble","12",2.23883621999392,128.139304347826,2.70215053763441,251.3,0,1,20
"fjordhest-ensemble","13",2.41207783965277,102.448286956522,2.32969230769231,151.43,0,0,20
"fjordhest-ensemble","15",0.394514015748032,5.44600869565217,0.508421052631579,9.66,0,1,20
"fjordhest-ensemble","16",0.433719570575893,18.5137913043478,0.522666666666667,31.36,0,1,20
"fjordhest-ensemble","17",0.313498285884633,84.1304,0.181652661064426,64.8499999999999,1,1,20
"fjordhest-ensemble","18",0.108281310856194,25.6257608695652,0.044867549668874,13.55,1,1,20
"fjordhest-ensemble","19",1.07089458124392,24.8838652173913,1.36470588235294,46.4,0,1,20
"fjordhest-ensemble","20",0.217097201811929,12.4608130434783,0.270769230769231,21.12,1,1,20
"fjordhest-ensemble","21",0.636920992452182,41.8988782608696,0.836736842105263,79.49,0,1,20
"fjordhest-ensemble","22",4.16143184421535,50.5451130434783,4.27894736842105,81.3,0,1,20
"fjordhest-ensemble","23",0.333797885597138,14.441547826087,NA,26.2,0,1,20
"fjordhest-ensemble","24",0.293860718060185,59.7209304347826,0.409674796747967,100.78,0,1,20
"fjordhest-ensemble","25",0.131055762757332,26.3390173913043,0.14622641509434,38.75,1,1,20
"fjordhest-ensemble","26",0.538794288142715,98.1186565217392,0.339370078740158,86.2,1,1,20
"fjordhest-ensemble","27",0.120525275244434,10.2046130434783,0.128173913043478,14.74,1,1,20
"fjordhest-ensemble","28",0.506270355850422,8.75891739130435,0.566428571428572,15.86,1,1,20
"fjordhest-ensemble","29",2.05848269557268,68.5295739130435,2.4442,122.21,0,1,8
"fjordhest-ensemble","30",0.259176536846776,6.60269130434783,NA,11.56,1,1,20
"fjordhest-ensemble","31",0.305035933764538,18.0849173913043,0.423243243243243,31.32,0,1,16
"fjordhest-ensemble","32",0.389086169045006,4.93158260869565,NA,5.34,1,1,20
"fjordhest-ensemble","33",7.92147613317289,17.1723826086956,9.88,29.64,0,1,16
"fjordhest-ensemble","34",0.174674957792527,34.0075434782609,0.224531835205993,59.95,1,1,16
"fjordhest-ensemble","35",0.307518314264549,12.9949217391304,NA,23.68,0,1,20
"fjordhest-ensemble","36",0.800487918783498,159.482252173913,0.91976430976431,273.17,0,1,20
"fjordhest-ensemble","37",0.122274439375666,24.3328260869565,0.0240287769784171,6.67999999999995,1,1,20
"fjordhest-ensemble","38",0.628136925213831,7.47155217391304,0.714444444444444,12.86,0,1,20
"fjordhest-ensemble","39",0.0831891600186528,57.7066565217391,0.106855733662145,86.6599999999999,1,1,20
"fjordhest-ensemble","40",0.16719961296405,17.5805304347826,0.214093959731543,31.9,1,1,16
"fjordhest-ensemble","41",0.671167042889391,162.883486956522,0.682326388888889,196.51,0,0,12
"fjordhest-ensemble","42",1.71753461515265,767.676739130435,1.96020547945205,1144.76,0,0,20
"fjordhest-ensemble","44",0.1775797313351,3.37957391304348,0.171538461538461,4.45999999999999,1,1,20
"fjordhest-ensemble","45",1.69711988550261,52.5871043478261,1.92,90.24,0,1,20
"fjordhest-ensemble","46",0.639824115256113,26.1443260869565,0.684901960784314,34.93,0,0,20
"fjordhest-ensemble","47",2.53812116540774,71.586052173913,2.875,126.5,0,1,20
"fjordhest-ensemble","48",0.18964817254286,52.078047826087,0.169588377723971,70.04,1,1,20
"fjordhest-ensemble","49",0.445876909629855,20.4048782608696,0.586034482758621,33.99,0,1,20
"fjordhest-ensemble","50",0.666150848827809,17.9136652173913,0.748181818181818,24.69,0,0,20
"fjordhest-ensemble","51",3.3822538930264,43.4399043478261,4.11666666666667,74.1,1,1,20
"fjordhest-ensemble","53",0.422099636595413,77.1649521739131,0.643973799126638,147.47,0,1,20
"fjordhest-ensemble","54",0.0979928956232133,9.03162173913043,0.0222033898305085,2.62,1,1,20
"fjordhest-ensemble","55",0.379421685009037,38.8828043478261,0.527234042553192,74.34,0,1,20
"fjordhest-ensemble","56",0.388391309874372,15.9419434782609,NA,23.32,0,0,20
"fjordhest-ensemble","72",1.36589531809354,25.3813043478261,1.64034482758621,47.57,0,1,20
